Input,5R7Y,5R7Z,5R80,5R81,5R82,5R83,5R84,5RE4,5RE9,5REB,5REZ,5RF1,5RF6,5RF7,5RFE,5RG1,5RGH,5RGI,5RGK,5RGT,5RGV,5RGW,5RGX,5RGY,5RGZ,5RH0,5RH1,5RH2,5RH3,5RH6,5RH8,5RHD,6M2N,6W63,6WNP,6XFN,7A1U,7ANS,7AP6,7AVD,7AWU,7JU7,7KX5,7L5D
5R7Y,1.0000000000000009,0.6324095723238158,0.5902494517558878,0.5888647868090509,0.5973493239066536,0.13755472092041668,0.5574254543726324,0.13862045365211756,0.91976340904273,0.682298323828826,0.630065244754838,0.359200619785561,0.7558999359620937,0.33995585378787263,0.5279322850491914,0.025040042129475443,0.8397638653568549,0.058890731757810615,-0.07644112719987262,0.18474842112673237,0.3105308990408622,0.2892484290921526,0.30289824541278937,0.29091624941607225,0.3752565751344275,0.1081698461140205,-0.0017778740213116764,0.4457732542735451,0.4462212041612939,0.17266616674429897,0.45240608718104514,0.6465906280112188,0.7192401942089961,0.5822307461632892,0.1572601707949939,-0.007483119394126865,0.7195198693213845,0.5497193070043154,0.022233798968030016,0.8357776337831805,0.07255279779846344,0.6445244865210568,0.6441639725185571,0.660945447203981
5R7Z,0.6324095723238156,0.9999999999999992,0.8599700680231738,0.8655132072991225,0.5728654787932983,0.4049709565795731,0.6371015540192315,0.354414406372318,0.6595733745514668,0.44101724583760055,0.8292866521670662,0.8335305207762514,0.46312156968811125,0.49963954039398595,0.6623285913121505,0.26786188386384113,0.7280874977982775,0.013688310452013677,-0.004939443257164319,0.271822874821646,0.4608358858349854,0.5183620386964747,0.4663002793821045,0.8282573697162496,0.533679806117096,0.35012476842592855,0.28933134993829257,0.5987631522242917,0.5873901009255108,0.2812475788244779,0.4892422605508569,0.5817138418820279,0.5034532442826154,0.6357597133262679,0.26988967418430204,0.05011411635305126,0.4061938191061058,0.4142728351573219,0.19368493713170853,0.55635810835547,0.2523924016425188,0.42713324443017553,0.7046337290361269,0.44491606415170737
5R80,0.5902494517558884,0.859970068023174,1,0.89302237768285,0.7643220541314772,0.3813320173619543,0.5598106349079282,0.3276640402755916,0.6223667226609902,0.3833213251901293,0.7858253300111193,0.8526781659090581,0.41251158813238004,0.4625172374159279,0.8168839928779331,0.3818423449427215,0.7191318623852971,-0.0015670846256772431,0.008850367044056449,0.2694768056739291,0.4754878605990962,0.5847746903169351,0.5418970873627876,0.6498067612980657,0.6074921549899618,0.28007205524066725,0.1921186607370159,0.5969530562229697,0.5706769195422242,0.26875709944480414,0.403576469111071,0.6506343642178155,0.38771794347239363,0.5786872245890166,0.25633806265570963,0.06228717361712777,0.3761268116208674,0.40021526960110965,0.09044947869655365,0.5864826626953021,0.21931339000513558,0.2774856491888888,0.6878193054042047,0.2872165651477982
5R81,0.5888647868090504,0.8655132072991228,0.8930223776828493,1,0.6361910810920685,0.41129979553613527,0.5598890675777827,0.256120401028611,0.7097081670104357,0.4724536783149363,0.7586985616415147,0.9029638275687188,0.37297539083848724,0.4272615334099413,0.7490018517039154,0.24514680522561072,0.7880618094900591,-0.0022255972306690387,-0.02654461567168366,0.24944805893579858,0.40241269051813366,0.5060851475798456,0.4343350557538044,0.5827756185047168,0.5044268723386517,0.31916477946391897,0.36780926465387975,0.581955651146145,0.5565999944114126,0.25466515097859616,0.44336520872359664,0.5657723824063325,0.41374252694963604,0.5487438185623771,0.24037458914915022,0.04614567687335814,0.4345148692598319,0.4446123507263895,0.24885844115148323,0.649373905182342,0.17591430283919143,0.34438650201369975,0.6614907934532316,0.3707459853294401
5R82,0.5973493239066535,0.5728654787932981,0.764322054131477,0.6361910810920678,0.9999999999999993,0.055741698233604885,0.44443965955465503,0.23322625330702518,0.5801948427665778,0.16928400188826934,0.6309499545868836,0.42071798994969956,0.5538305222924821,0.34081034817160677,0.8028266631782706,0.346628280301544,0.6837830042146726,0.0005246888992136761,-0.023322612931101105,0.19884402154992803,0.3776388950352717,0.5593273244592799,0.5073601902379348,0.41417229975567366,0.5898350606823303,0.019826509788857936,-0.10846400014626843,0.49404802072284537,0.4749947679609268,0.1571155689912069,0.3266147827576339,0.777133949885443,0.4090738058779351,0.45725095254728143,0.16054597859064143,0.031351718592573685,0.5283842479179529,0.22460022482367312,-0.2740227310943681,0.5072635375754236,0.23718035940604446,0.3628086907562997,0.6042541361669072,0.3492026700513759
5R83,0.13755472092041676,0.40497095657957316,0.38133201736195393,0.41129979553613594,0.05574169823360485,0.9999999999999998,0.7418283346475913,0.7782163875665558,0.2422837303444074,0.3950122506223676,0.64919000325189,0.6024027946699606,0.1776953016092965,0.7905142166895652,0.5318269415093462,0.6882877580053195,0.3967489815074596,0.6010702662587462,0.6684102968233215,0.09543640224507988,0.7135920066013568,0.73274110656149,0.7302366875241588,0.3705885332148497,0.6987422792404859,0.91958079664911,0.8149422925384416,0.7807134115123013,0.7713347257008512,0.157804445925789,0.6233458003025364,0.18516134956639632,0.377965538016,0.6658581001205538,0.10228444432482041,-0.005543343149218695,0.20761581395205542,0.37848913964748215,0.824702743701548,0.19131658109218008,0.356405366909536,0.5023872337402799,0.6278228918483254,0.5446052005987007
5R84,0.5574254543726319,0.6371015540192324,0.5598106349079293,0.5598890675777828,0.4444396595546549,0.7418283346475921,1.000000000000001,0.8579370550265499,0.5636249983116495,0.3839578233857183,0.8733132963618159,0.5678451997490683,0.5940269890656682,0.92867175424975,0.691277485121907,0.6116338590765789,0.6179263897061921,0.5889193332552758,0.5873976387287342,0.2865810805317502,0.8765417186371683,0.8212355651889109,0.8150865083402162,0.5337692661156735,0.8381031043965927,0.7868641654702722,0.6346452244240932,0.9319102255404907,0.9201610641621097,0.30099054945198284,0.8629705537733153,0.5888566163361735,0.7470473767202866,0.9177510019460156,0.2520669232592732,0.0983500826862387,0.5373699722399032,0.4131919811089966,0.3924918313757932,0.39876282522659035,0.5145101554762259,0.7854423376062601,0.8708922811341182,0.7777414303439631
5RE4,0.13862045365211756,0.3544144063723184,0.3276640402755918,0.2561204010286114,0.23322625330702504,0.7782163875665556,0.8579370550265488,1.0000000000000002,0.11860861908314822,0.04995832218660529,0.6658028235454763,0.3836687341849858,0.34562599140930494,0.9046555533239939,0.5024704521963133,0.8037325744973722,0.26308415734053286,0.6671749952318848,0.7674167792914954,0.23101076441386992,0.8532031202914844,0.8586596286345368,0.846614588121283,0.4601211527003993,0.8315721510452453,0.8608855610406329,0.6488572130831382,0.8307995485316287,0.8245852254515559,0.25692877074796006,0.733133659991493,0.4052784284749294,0.5129528234524194,0.8000052913154883,0.20519709298252825,0.11875661350680368,0.22580806095655373,0.17811416207411712,0.3911487234907767,-0.0031269787189065396,0.5489506383817871,0.6110676577918059,0.736966395431229,0.5903588148893403
5RE9,0.91976340904273,0.6595733745514669,0.6223667226609904,0.7097081670104359,0.5801948427665776,0.24228373034440728,0.563624998311649,0.11860861908314808,1.0000000000000007,0.7608540671788812,0.6754839628869098,0.4661263967404174,0.7014392211865816,0.36958764631591634,0.6049442948183573,0.04665186603756126,0.897529430039031,0.02886427486471196,-0.09359567476410643,0.21336444294601373,0.3158225671156642,0.3417686488357322,0.32386463136045235,0.28717585419361924,0.39740927799965375,0.15358279446732928,0.12858142174601514,0.49911435446631497,0.4911106882060916,0.21151461009145078,0.5039298400298863,0.6246121206602624,0.6889405372836865,0.5785252960029028,0.1858030546320433,0.01235011896387503,0.7413614650542876,0.6059683507442164,0.2001372077573427,0.9037639425832088,0.09976317079043853,0.6502497397644882,0.650396486772852,0.6992920001474017
5REB,0.6822983238288264,0.44101724583760055,0.38332132519012946,0.4724536783149362,0.16928400188826948,0.3950122506223677,0.3839578233857183,0.04995832218660523,0.7608540671788809,0.9999999999999998,0.4666098734754219,0.4064111960968149,0.4859058820735181,0.25683386667986347,0.3335722978370688,-0.04507663520839776,0.7164792701262451,0.022481524210390028,-0.11331883518164203,0.09354013407559053,0.13459818359390804,0.17102640173985864,0.1913842221197125,0.10401698353817708,0.2140628263892655,0.22906085298750253,0.2405236726076313,0.3285602873789291,0.31442339394446345,0.12276569946309294,0.3140627701610598,0.3022733833837796,0.5097246903398764,0.387002859913821,0.0997694562146069,-0.030781547896617474,0.4222162619483636,0.7216048893235609,0.5489735031316941,0.8048251622765723,0.036083627925393554,0.5715683937478612,0.41321679608922957,0.6447306214597188
5REZ,0.6300652447548372,0.8292866521670661,0.7858253300111181,0.7586985616415154,0.6309499545868833,0.6491900032518895,0.8733132963618155,0.6658028235454762,0.6754839628869087,0.46660987347542204,1.0000000000000004,0.7419820736043707,0.5936633613519725,0.7763608982066859,0.8112896217453109,0.5243725922162549,0.7933405165502098,0.27013850664966566,0.28299422790531065,0.2675146122909199,0.7293453835695008,0.7942054885194431,0.7381786876045494,0.6511289318805218,0.790544579504215,0.5931207406969838,0.45789904205201576,0.8635327051866871,0.8578533582579343,0.2765537444732672,0.6793101388247719,0.7107670680409923,0.6301340293044124,0.7899188568612644,0.2496512970918543,0.04249433529312978,0.5299319944200197,0.42800062386177024,0.32891505762053946,0.5289666512137957,0.4779271682648454,0.6442379533841454,0.8648492575783412,0.6611661616787313
5RF1,0.35920061978556084,0.8335305207762519,0.8526781659090582,0.9029638275687194,0.4207179899496997,0.6024027946699612,0.5678451997490683,0.383668734184986,0.46612639674041784,0.40641119609681536,0.7419820736043706,1.0000000000000004,0.2194340941087668,0.5023590034450038,0.6797874640067233,0.3759873784699458,0.622674447162361,0.04987622170910099,0.07323681725850505,0.24219630510312515,0.47141428402127555,0.5503516801684166,0.4924362480993873,0.6639183831099797,0.534464782034716,0.5132054235415467,0.5523669739038647,0.5969811636008527,0.5726034198283114,0.27189982537218,0.4141690190104402,0.4374543524178678,0.2710212538593232,0.5433229763796718,0.25307859428719426,0.06426112187476922,0.21262933285513863,0.4143914640441634,0.4237682650463781,0.4681564438821044,0.2628675787405444,0.24041998666476652,0.6119205374806719,0.27057189280996913
5RF6,0.7558999359620936,0.4631215696881114,0.4125115881323796,0.3729753908384872,0.5538305222924822,0.17769530160929625,0.5940269890656684,0.3456259914093056,0.7014392211865819,0.48590588207351787,0.5936633613519721,0.2194340941087665,0.9999999999999993,0.4354079498891676,0.4902393381870269,0.2734248640072554,0.5917214924859636,0.19973020832106045,0.08879127054843888,0.12862099852205822,0.43104299757839615,0.44496693273335797,0.46784699371256344,0.3150892035633503,0.5163437680211185,0.26719318908015505,0.14120308905751477,0.49651111556805366,0.5244464138525755,0.12608248656864085,0.4727345028781391,0.7807146105404229,0.6978599935050653,0.6230774105674745,0.09393703579286389,-0.04829633422630443,0.6829571687864077,0.3674505910005837,-0.04332175114654993,0.63376091902924,0.3262941828863758,0.7649026371621738,0.6427638834188208,0.7449591245427323
5RF7,0.33995585378787285,0.4996395403939867,0.46251723741592754,0.4272615334099412,0.3408103481716069,0.7905142166895653,0.9286717542497502,0.9046555533239944,0.36958764631591573,0.25683386667986335,0.7763608982066857,0.5023590034450042,0.4354079498891682,0.9999999999999998,0.6694505588169108,0.7242625985270358,0.4568434386679799,0.6110914084231502,0.7021864083554852,0.45625853394784277,0.9357174743577777,0.8645220829374961,0.8687497641226447,0.4980084896240862,0.8601448175633807,0.8076170656758714,0.6447740235409567,0.9191473845447123,0.902789097727446,0.4807846501570017,0.9228970844144297,0.4604625805023724,0.6601336738930161,0.8899325797850243,0.42915226259103895,0.3144414440606588,0.4365767380311203,0.45250167865002033,0.4721698390885356,0.2208262152108,0.5504618011688738,0.7189817635817731,0.810934546687314,0.7046773346906336
5RFE,0.5279322850491914,0.6623285913121502,0.8168839928779329,0.7490018517039153,0.8028266631782708,0.5318269415093456,0.6912774851219065,0.5024704521963126,0.6049442948183568,0.33357229783706893,0.8112896217453114,0.6797874640067233,0.4902393381870269,0.6694505588169107,0.9999999999999999,0.6452612871661605,0.7354895814656989,0.30838189683760064,0.346025958592589,0.2479690619919946,0.7270180909845028,0.7917537837924861,0.756860546556742,0.5189917006794976,0.8071900147312856,0.46785325128366867,0.358377425157613,0.7900225744755086,0.7892293917955132,0.25317029053117796,0.6062278138612731,0.7055361058264854,0.4578371376413287,0.6734693000413527,0.22755649851279,0.07499386318900211,0.6266573763558235,0.3916070669603425,0.19093722968201854,0.5105605282136769,0.32298178295100577,0.4867814769729775,0.7503612804812176,0.49808673083861005
5RG1,0.02504004212947545,0.26786188386384097,0.3818423449427218,0.24514680522561033,0.34662828030154386,0.6882877580053189,0.6116338590765794,0.8037325744973723,0.046651866037561246,-0.04507663520839771,0.5243725922162557,0.37598737846994656,0.273424864007255,0.7242625985270355,0.6452612871661606,1.0000000000000009,0.18519629420877043,0.6074491334173493,0.7795296843483974,0.09848926961296024,0.7826449621742543,0.8657372845639031,0.870799717054763,0.4525320731323213,0.8496483410402783,0.7566840602690451,0.5122996878861087,0.7194162464531489,0.7494466550053887,0.14401006573065142,0.5293941639127898,0.4049641357238016,0.29255218859827786,0.6244880294783162,0.08829194708198071,0.017087670902137947,0.2663906961652932,0.07718599461447234,0.31414509070722724,-0.03490055216318944,0.35493665930504936,0.38404178960900126,0.6440273814739718,0.3744205872506949
5RGH,0.8397638653568549,0.7280874977982782,0.7191318623852975,0.7880618094900602,0.6837830042146729,0.39674898150745985,0.6179263897061916,0.26308415734053275,0.8975294300390319,0.716479270126245,0.7933405165502103,0.622674447162361,0.5917214924859638,0.4568434386679801,0.7354895814656989,0.1851962942087705,1.0000000000000009,0.11445362380166171,0.009928613156754152,0.18601044288610874,0.408334104120052,0.48039634295434436,0.43905626875037035,0.39213322883108087,0.507381838984597,0.2838549432665219,0.24727649640754726,0.5984369322114005,0.5902738228892933,0.18174720602968314,0.4897952555979036,0.6749985693930588,0.6012572391543822,0.5853793708515262,0.16947124454883755,-0.004941945462163281,0.7007907726511616,0.5986245989144392,0.26407726916444113,0.8292608985697172,0.24347864644096107,0.6183997628159558,0.7074607559733762,0.6673689249761017
5RGI,0.058890731757810635,0.013688310452013677,-0.0015670846256774038,-0.0022255972306689745,0.0005246888992137119,0.601070266258746,0.588919333255277,0.667174995231886,0.028864274864711992,0.022481524210390087,0.27013850664966566,0.04987622170910095,0.19973020832106025,0.61109140842315,0.30838189683760087,0.6074491334173492,0.1144536238016617,0.9999999999999986,0.7867699670142029,-0.1644056505851439,0.6461021837362074,0.5787779872917246,0.6216048546183357,0.08679753228385972,0.5872062437140558,0.6860734211045112,0.5654557868959569,0.6275887031994106,0.6348408712062344,-0.1233323314103995,0.5614164847350818,0.1399687593048419,0.4435554013447475,0.6337399830644095,-0.1917308863053754,-0.17533605523555512,0.33764529531891985,-0.002498537432074137,0.36267426805081093,-0.08507532009679282,0.29472646505504974,0.5069317932713305,0.5028796663007266,0.5111568094209198
5RGK,-0.07644112719987267,-0.004939443257164377,0.008850367044056374,-0.026544615671683695,-0.023322612931101244,0.6684102968233205,0.5873976387287343,0.7674167792914954,-0.09359567476410635,-0.11331883518164229,0.28299422790531065,0.07323681725850512,0.08879127054843905,0.7021864083554853,0.34602595859258867,0.7795296843483979,0.009928613156754104,0.7867699670142027,1,0.07533540897840943,0.7613116531291657,0.6113189337715916,0.6309654996290605,0.13841325476986402,0.6014386753420945,0.7726563435352992,0.5379204858584646,0.610466709880882,0.6353342696638739,0.11635685553429177,0.5937087930033766,0.10761893833269846,0.293811205794519,0.588901898764302,0.055029700483685336,0.06574136967597509,0.24681114181751176,0.0626039457141294,0.37737382734598274,-0.17978700567811767,0.15249410530974372,0.42174034656875725,0.46209605503898854,0.4162017407581373
5RGT,0.18474842112673248,0.27182287482164613,0.2694768056739289,0.2494480589357982,0.19884402154992803,0.09543640224507974,0.28658108053175024,0.2310107644138698,0.213364442946014,0.09354013407559057,0.26751461229091983,0.2421963051031248,0.12862099852205816,0.45625853394784305,0.2479690619919945,0.09848926961296017,0.18601044288610874,-0.16440565058514378,0.0753354089784094,1,0.34643278811635175,0.1749884441707685,0.16547910637354069,0.21277544788095118,0.16662862639252302,0.07770058302003861,0.042685302323886995,0.18928855907258366,0.15565808189809868,0.9935874375644551,0.5909409252347037,0.19512916334595987,0.38596254979883826,0.41211265748630427,0.9943599116890235,0.9635057509861736,0.1926156560893718,0.6602178537129474,0.07634022503211009,0.19794946812258749,0.2072679716183394,0.21981377653545098,0.3346230951432527,0.2009777410845055
5RGV,0.3105308990408621,0.4608358858349861,0.47548786059909653,0.40241269051813405,0.37763889503527165,0.7135920066013566,0.876541718637169,0.8532031202914843,0.315822567115664,0.13459818359390788,0.7293453835695005,0.47141428402127544,0.4310429975783959,0.9357174743577773,0.7270180909845024,0.7826449621742538,0.40833410412005233,0.6461021837362082,0.7613116531291656,0.34643278811635164,0.9999999999999997,0.8408203427861872,0.8480194779155373,0.4903219955391882,0.8553661631399317,0.7866318405971556,0.6086072847075356,0.9030771203673849,0.9151526339639028,0.3704759462170912,0.8386094811523894,0.5209127120359048,0.5455515807555404,0.8368623510163444,0.3192869109131908,0.22027951665598272,0.5039401819556341,0.32315273714982556,0.3175704416288054,0.1781996071120369,0.5436828547115956,0.6180068504692664,0.7608375182643232,0.597054420662655
5RGW,0.28924842909215254,0.5183620386964745,0.5847746903169352,0.506085147579845,0.5593273244592797,0.73274110656149,0.8212355651889115,0.8586596286345377,0.34176864883573255,0.17102640173985847,0.7942054885194433,0.5503516801684166,0.4449669327333579,0.8645220829374958,0.7917537837924851,0.865737284563903,0.4803963429543448,0.5787779872917241,0.6113189337715921,0.1749884441707685,0.8408203427861872,1.0000000000000004,0.9786579101657255,0.5709088863875516,0.9829478986257093,0.7368356953792297,0.5708170682305185,0.927371121019135,0.9208046386607898,0.1964787234616427,0.7061891859534153,0.5713520821894985,0.513617755113041,0.7681352123244958,0.14935396320635502,0.02002511111127409,0.3873056394278849,0.20967396727280646,0.3495228639003154,0.18696708054987193,0.5575344834153139,0.6027835146464954,0.8131572360834488,0.5862233629131292
5RGX,0.30289824541278915,0.46630027938210467,0.5418970873627873,0.4343350557538047,0.5073601902379349,0.7302366875241588,0.8150865083402162,0.846614588121282,0.3238646313604521,0.19138422211971248,0.7381786876045505,0.4924362480993878,0.46784699371256283,0.8687497641226448,0.7568605465567416,0.8707997170547633,0.43905626875036996,0.6216048546183347,0.6309654996290603,0.16547910637354057,0.8480194779155363,0.9786579101657253,1.0000000000000007,0.5276192868810338,0.9914668387692002,0.7456690620801785,0.5708356072526203,0.9155509129999287,0.9075244384733493,0.19442722305192234,0.7232160944562627,0.527146100600328,0.5285449632191308,0.7828832556641085,0.1414237133480611,0.020176099577419622,0.39581449104376204,0.22714622766359932,0.3594470684814748,0.1920504147546488,0.539878720342478,0.6237243205522761,0.7901265347795866,0.6070152816473672
5RGY,0.29091624941607214,0.8282573697162496,0.6498067612980654,0.5827756185047163,0.41417229975567293,0.37058853321485014,0.533769266115673,0.46012115270039927,0.2871758541936193,0.1040169835381771,0.6511289318805215,0.6639183831099795,0.3150892035633505,0.49800848962408567,0.5189917006794976,0.45253207313232174,0.3921332288310806,0.08679753228385952,0.1384132547698639,0.21277544788095132,0.4903219955391877,0.5709088863875513,0.5276192868810328,1,0.5603925398672012,0.3938965287208559,0.29304669538899014,0.545902441390897,0.546561785307552,0.23580652122579762,0.41677445350168657,0.48435608553263115,0.3083866941763961,0.5590898046953943,0.2175686002754377,0.038991780126871316,0.19551241953538825,0.13479438110106653,0.10089081848956444,0.18278278417551996,0.3152168576654383,0.3107472669008188,0.5931569159971458,0.30249012148910354
5RGZ,0.37525657513442745,0.5336798061170961,0.6074921549899618,0.5044268723386516,0.5898350606823307,0.6987422792404856,0.8381031043965923,0.8315721510452461,0.3974092779996538,0.21406282638926533,0.7905445795042159,0.5344647820347159,0.5163437680211186,0.8601448175633808,0.8071900147312857,0.8496483410402789,0.5073818389845965,0.587206243714056,0.6014386753420949,0.16662862639252288,0.8553661631399325,0.9829478986257093,0.9914668387692,0.5603925398672006,1.0000000000000004,0.7192977313993011,0.5397960450276483,0.9334589961217522,0.9290204707168631,0.18895453680102098,0.7184083776923575,0.5974352558157224,0.5578952944287042,0.7963975868632606,0.13987202753680067,0.0064822549891078215,0.44498840402722567,0.23649088141726365,0.30484056072889826,0.2522020739924115,0.5568880171619849,0.6348431330115242,0.825820901054128,0.6163086886940895
5RH0,0.10816984611402061,0.3501247684259282,0.28007205524066736,0.3191647794639191,0.01982650978885797,0.9195807966491095,0.7868641654702724,0.8608855610406329,0.15358279446732936,0.22906085298750278,0.5931207406969835,0.5132054235415469,0.26719318908015466,0.8076170656758718,0.46785325128366856,0.756684060269046,0.2838549432665217,0.6860734211045126,0.7726563435352999,0.07770058302003865,0.7866318405971555,0.7368356953792293,0.7456690620801784,0.3938965287208558,0.7192977313993004,0.9999999999999989,0.8855840636850079,0.7749357994551473,0.7934514969995694,0.13790406000559063,0.6385533171155482,0.2492545057211121,0.40954060785608076,0.7124550794533318,0.08038636303887754,-0.015290881787838672,0.24364440000630477,0.2537670693312512,0.6653743000934313,0.09309768402762,0.4235535577659026,0.5541482493147075,0.6475809565168351,0.5704763753168535
5RH1,-0.001777874021311564,0.2893313499382928,0.19211866073701594,0.3678092646538798,-0.10846400014626846,0.8149422925384412,0.6346452244240933,0.6488572130831388,0.12858142174601506,0.24052367260763097,0.45789904205201565,0.5523669739038649,0.14120308905751472,0.6447740235409567,0.35837742515761345,0.5122996878861085,0.2472764964075471,0.565455786895957,0.5379204858584645,0.042685302323887016,0.6086072847075353,0.5708170682305195,0.5708356072526207,0.29304669538899003,0.5397960450276487,0.8855840636850074,0.9999999999999994,0.6498267239905314,0.6490500919733373,0.10061735087260039,0.5399970908045609,0.12835000507092942,0.26119102536844696,0.5359582459301876,0.05008748270832924,-0.026107103793182904,0.16707613861980772,0.222605299863056,0.7005448018673123,0.10513440954019335,0.442019008360751,0.4490791689988015,0.46188042391254147,0.47061835700824634
5RH2,0.44577325427354486,0.5987631522242917,0.5969530562229689,0.5819556511461458,0.4940480207228448,0.7807134115123016,0.9319102255404899,0.8307995485316296,0.499114354466315,0.3285602873789293,0.8635327051866867,0.596981163600852,0.4965111155680538,0.9191473845447123,0.7900225744755089,0.7194162464531485,0.598436932211401,0.6275887031994111,0.6104667098808816,0.18928855907258352,0.9030771203673852,0.9273711210191349,0.9155509129999287,0.5459024413908968,0.9334589961217528,0.7749357994551469,0.6498267239905314,1.000000000000001,0.9887781117407921,0.21189132371798874,0.818389939012627,0.5580691746118155,0.6274293368040813,0.8483859519516833,0.16098840191096034,0.01731915592250996,0.5090631416216941,0.3241625508325113,0.4351814274669129,0.3239591862797622,0.5702062842863607,0.712035728542846,0.8449056936123728,0.7027490785667445
5RH3,0.44622120416129374,0.5873901009255109,0.570676919542224,0.5565999944114124,0.4749947679609275,0.7713347257008498,0.9201610641621107,0.8245852254515571,0.49111068820609155,0.31442339394446306,0.8578533582579349,0.5726034198283115,0.5244464138525762,0.9027890977274468,0.7892293917955128,0.7494466550053883,0.5902738228892933,0.6348408712062346,0.6353342696638736,0.1556580818980988,0.915152633963903,0.9208046386607901,0.9075244384733483,0.5465617853075517,0.9290204707168621,0.7934514969995698,0.6490500919733374,0.9887781117407924,1,0.183405679500679,0.7941266488918919,0.5755613615662747,0.6262257908085748,0.8375733406735268,0.13203888984033735,-0.011997915792339447,0.5477250370191185,0.3010199438754681,0.4223524612191029,0.30998194703094245,0.5638012976294807,0.7101664875314687,0.8522547986397814,0.7017385709812173
5RH6,0.17266616674429905,0.28124757882447815,0.2687570994448043,0.25466515097859616,0.15711556899120702,0.15780444592578874,0.30099054945198284,0.25692877074796006,0.21151461009145073,0.12276569946309282,0.276553744473267,0.27189982537218005,0.1260824865686406,0.4807846501570022,0.25317029053117796,0.1440100657306514,0.18174720602968297,-0.12333233141039947,0.11635685553429195,0.9935874375644552,0.37047594621709123,0.19647872346164236,0.19442722305192245,0.23580652122579757,0.1889545368010211,0.13790406000559066,0.10061735087260056,0.2118913237179887,0.1834056795006789,1.0000000000000016,0.6079609267210363,0.17484473260830757,0.4003800709825936,0.44173698491707386,0.9916929233031908,0.9581620229646988,0.19607871112550804,0.6787963212457843,0.15391835354536354,0.19971344959439039,0.20535553653293795,0.22944935973745212,0.35895018630536696,0.2166715120926278
5RH8,0.4524060871810452,0.489242260550857,0.4035764691110714,0.44336520872359675,0.32661478275763367,0.6233458003025368,0.8629705537733154,0.7331336599914947,0.5039298400298862,0.31406277016105993,0.6793101388247714,0.41416901901043995,0.472734502878139,0.9228970844144292,0.6062278138612729,0.5293941639127898,0.48979525559790327,0.5614164847350825,0.5937087930033773,0.5909409252347039,0.8386094811523898,0.7061891859534146,0.7232160944562632,0.41677445350168646,0.7184083776923572,0.6385533171155482,0.5399970908045613,0.8183899390126265,0.7941266488918917,0.6079609267210365,0.9999999999999997,0.4280572636651753,0.7652671053313626,0.8969182292787647,0.5525906896548624,0.451357181749762,0.5699192247618937,0.5756449443399099,0.408448200498685,0.3397961000822302,0.44547778732645965,0.7652874938407009,0.7816976074420111,0.7564681054266831
5RHD,0.6465906280112187,0.5817138418820279,0.6506343642178157,0.5657723824063324,0.7771339498854424,0.18516134956639618,0.588856616336173,0.40527842847492934,0.6246121206602625,0.3022733833837798,0.7107670680409913,0.4374543524178684,0.7807146105404229,0.4604625805023728,0.7055361058264847,0.4049641357238021,0.6749985693930581,0.13996875930484187,0.10761893833269857,0.1951291633459598,0.5209127120359047,0.5713520821894983,0.5271461006003276,0.4843560855326309,0.597435255815722,0.2492545057211124,0.12835000507092958,0.558069174611815,0.5755613615662747,0.17484473260830774,0.42805726366517494,1.0000000000000013,0.510491207601228,0.6028890882517883,0.15664262678157415,0.009346829158658754,0.6276317761882275,0.29656153828655857,-0.17666690191075032,0.5550232905831066,0.40172162134808026,0.580682664888057,0.6886178724849618,0.5737536553270606
6M2N,0.7192401942089961,0.5034532442826153,0.38771794347239324,0.4137425269496364,0.4090738058779352,0.3779655380159993,0.7470473767202864,0.5129528234524199,0.6889405372836862,0.5097246903398764,0.6301340293044124,0.27102125385932263,0.6978599935050653,0.6601336738930155,0.4578371376413287,0.2925521885982777,0.6012572391543821,0.4435554013447478,0.2938112057945194,0.38596254979883826,0.5455515807555404,0.5136177551130416,0.5285449632191305,0.3083866941763961,0.5578952944287041,0.40954060785608043,0.2611910253684467,0.6274293368040816,0.6262257908085753,0.40038007098259315,0.7652671053313628,0.510491207601228,1.0000000000000004,0.859006753054359,0.3426241041343081,0.24576956607103698,0.6484718251474966,0.5288263776729102,0.24588647922157972,0.5291225774324562,0.28568090215031267,0.805689667091972,0.8238405810372816,0.8053351688197938
6W63,0.5822307461632892,0.6357597133262681,0.5786872245890171,0.5487438185623772,0.4572509525472815,0.6658581001205549,0.9177510019460169,0.8000052913154878,0.5785252960029026,0.38700285991382105,0.7899188568612647,0.5433229763796716,0.6230774105674742,0.8899325797850232,0.673469300041353,0.6244880294783163,0.585379370851525,0.6337399830644096,0.5889018987643022,0.41211265748630366,0.8368623510163447,0.7681352123244952,0.7828832556641088,0.5590898046953939,0.7963975868632601,0.7124550794533318,0.5359582459301875,0.8483859519516829,0.8375733406735267,0.44173698491707364,0.8969182292787644,0.6028890882517876,0.8590067530543595,1.0000000000000013,0.3714234169603444,0.2501423120128896,0.600933636053419,0.5057548166572718,0.35105556008029976,0.42916567824714946,0.4649931498599237,0.7502894459866636,0.9248309687605899,0.7492401933059781
6WNP,0.15726017079499388,0.2698896741843022,0.2563380626557096,0.24037458914915066,0.1605459785906415,0.10228444432482027,0.25206692325927316,0.2051970929825281,0.18580305463204327,0.09976945621460691,0.24965129709185407,0.2530785942871945,0.09393703579286387,0.42915226259103906,0.22755649851279022,0.0882919470819807,0.16947124454883755,-0.19173088630537546,0.05502970048368525,0.9943599116890239,0.3192869109131907,0.1493539632063549,0.14142371334806111,0.21756860027543742,0.13987202753680078,0.08038636303887751,0.050087482708329266,0.16098840191096053,0.13203888984033735,0.99169292330319,0.5525906896548624,0.1566426267815742,0.3426241041343081,0.37142341696034414,0.9999999999999996,0.9653072645332066,0.15852588904668632,0.6724117825735697,0.10665592297083785,0.17601807529393498,0.18507395548318922,0.18374571177653817,0.29977915901455376,0.16851834054764156
6XFN,-0.00748311939412688,0.05011411635305131,0.062287173617127864,0.046145676873358146,0.03135171859257371,-0.005543343149218682,0.0983500826862387,0.11875661350680368,0.012350118963875058,-0.030781547896617512,0.04249433529312978,0.0642611218747692,-0.04829633422630438,0.314441444060659,0.07499386318900209,0.017087670902137947,-0.004941945462163268,-0.17533605523555512,0.06574136967597513,0.963505750986174,0.22027951665598255,0.020025111111274096,0.020176099577419615,0.038991780126871295,0.006482254989107824,-0.015290881787838682,-0.026107103793182887,0.017319155922509943,-0.011997915792339393,0.958162022964699,0.4513571817497623,0.009346829158658759,0.24576956607103678,0.2501423120128898,0.965307264533206,0.9999999999999991,0.06677262154546412,0.5849728428406669,0.044671681149908035,0.029957871473620466,0.14834026072065887,0.07506249742116354,0.14992834528117335,0.05584478621635392
7A1U,0.7195198693213845,0.40619381910610625,0.3761268116208678,0.43451486925983246,0.5283842479179529,0.2076158139520555,0.5373699722399029,0.22580806095655329,0.7413614650542872,0.42221626194836404,0.5299319944200201,0.21262933285513855,0.6829571687864076,0.43657673803112046,0.6266573763558241,0.2663906961652931,0.7007907726511611,0.33764529531891957,0.24681114181751163,0.1926156560893717,0.5039401819556346,0.3873056394278851,0.3958144910437622,0.1955124195353887,0.4449884040272257,0.24364440000630516,0.16707613861980763,0.5090631416216934,0.5477250370191183,0.19607871112550815,0.5699192247618937,0.6276317761882273,0.648471825147497,0.6009336360534199,0.15852588904668638,0.06677262154546412,0.9999999999999993,0.4389395821563429,0.06453657284086772,0.649883029788178,0.19524834743616093,0.6403869879164552,0.620867593605926,0.6928181426266076
7ANS,0.5497193070043153,0.4142728351573216,0.4002152696011091,0.4446123507263903,0.22460022482367317,0.3784891396474822,0.4131919811089966,0.17811416207411712,0.6059683507442166,0.7216048893235611,0.4280006238617705,0.4143914640441636,0.3674505910005838,0.4525016786500206,0.39160706696034264,0.0771859946144724,0.5986245989144386,-0.002498537432074122,0.06260394571412943,0.6602178537129466,0.32315273714982556,0.2096739672728064,0.22714622766359913,0.1347943811010668,0.23649088141726377,0.2537670693312515,0.2226052998630561,0.3241625508325114,0.30101994387546854,0.6787963212457844,0.5756449443399093,0.2965615382865588,0.5288263776729101,0.505754816657272,0.67241178257357,0.5849728428406668,0.438939582156343,0.9999999999999987,0.4839177491491015,0.6580241552461633,0.1320310198532826,0.5006522837896217,0.47539720165565424,0.549169507444902
7AP6,0.022233798968030186,0.1936849371317088,0.09044947869655363,0.24885844115148306,-0.27402273109436803,0.8247027437015482,0.3924918313757934,0.39114872349077645,0.20013720775734262,0.548973503131694,0.3289150576205392,0.4237682650463784,-0.04332175114654986,0.4721698390885351,0.19093722968201854,0.3141450907072272,0.2640772691644411,0.36267426805081054,0.3773738273459824,0.0763402250321101,0.3175704416288052,0.3495228639003153,0.359447068481475,0.10089081848956447,0.3048405607288983,0.6653743000934311,0.7005448018673124,0.4351814274669125,0.4223524612191026,0.15391835354536362,0.40844820049868485,-0.17666690191075063,0.24588647922157986,0.3510555600802998,0.10665592297083783,0.04467168114990799,0.0645365728408676,0.48391774914910124,0.9999999999999981,0.19968430275203772,0.11863117986772378,0.3565603128080572,0.318994473076398,0.42614607117193976
7AVD,0.8357776337831794,0.5563581083554696,0.5864826626953022,0.6493739051823415,0.5072635375754241,0.19131658109218033,0.3987628252265904,-0.0031269787189065383,0.9037639425832086,0.8048251622765732,0.5289666512137953,0.4681564438821048,0.6337609190292396,0.22082621521079993,0.5105605282136768,-0.03490055216318952,0.8292608985697177,-0.08507532009679286,-0.17978700567811734,0.19794946812258757,0.17819960711203667,0.18696708054987177,0.19205041475464874,0.18278278417552024,0.2522020739924111,0.09309768402761992,0.10513440954019336,0.3239591862797622,0.309981947030943,0.19971344959439066,0.33979610008223027,0.5550232905831065,0.5291225774324564,0.4291656782471495,0.1760180752939351,0.02995787147362046,0.6498830297881776,0.658024155246163,0.19968430275203775,0.9999999999999993,0.08390925149807485,0.5211409696699146,0.4934067554190922,0.5825121023912337
7AWU,0.07255279779846349,0.25239240164251897,0.219313390005136,0.1759143028391914,0.23718035940604443,0.35640536690953645,0.514510155476226,0.5489506383817873,0.09976317079043867,0.036083627925393644,0.4779271682648454,0.26286757874054395,0.32629418288637646,0.5504618011688732,0.32298178295100605,0.3549366593050494,0.24347864644096118,0.2947264650550493,0.1524941053097438,0.20726797161833957,0.5436828547115956,0.5575344834153136,0.5398787203424785,0.31521685766543867,0.5568880171619854,0.4235535577659025,0.44201900836075053,0.5702062842863607,0.5638012976294813,0.20535553653293792,0.4454777873264595,0.4017216213480807,0.28568090215031294,0.46499314985992274,0.1850739554831895,0.14834026072065878,0.1952483474361611,0.13203101985328236,0.11863117986772385,0.08390925149807507,0.9999999999999999,0.41568967246231586,0.4454653424560624,0.4182222855335606
7JU7,0.6445244865210571,0.4271332444301759,0.27748564918888896,0.34438650201369997,0.36280869075629957,0.5023872337402812,0.7854423376062609,0.6110676577918063,0.6502497397644882,0.5715683937478613,0.6442379533841445,0.24041998666476697,0.7649026371621737,0.7189817635817735,0.486781476972978,0.38404178960900115,0.6183997628159559,0.5069317932713313,0.42174034656875686,0.21981377653545123,0.6180068504692668,0.6027835146464946,0.6237243205522752,0.3107472669008191,0.6348431330115243,0.5541482493147064,0.4490791689988019,0.7120357285428457,0.7101664875314683,0.22944935973745212,0.7652874938407009,0.5806826648880568,0.805689667091972,0.7502894459866629,0.18374571177653842,0.07506249742116369,0.6403869879164539,0.5006522837896219,0.3565603128080572,0.5211409696699151,0.4156896724623158,1.0000000000000004,0.7049506731015217,0.9719971843145073
7KX5,0.6441639725185577,0.7046337290361258,0.6878193054042064,0.6614907934532315,0.6042541361669073,0.6278228918483246,0.8708922811341194,0.7369663954312294,0.6503964867728514,0.41321679608922973,0.864849257578341,0.611920537480673,0.6427638834188206,0.8109345466873145,0.7503612804812172,0.6440273814739713,0.7074607559733762,0.5028796663007273,0.4620960550389886,0.3346230951432528,0.7608375182643227,0.8131572360834488,0.7901265347795856,0.5931569159971459,0.8258209010541282,0.647580956516836,0.46188042391254047,0.8449056936123738,0.8522547986397797,0.3589501863053669,0.7816976074420111,0.6886178724849611,0.8238405810372809,0.9248309687605896,0.2997791590145537,0.1499283452811733,0.6208675936059257,0.4753972016556544,0.3189944730763977,0.4934067554190923,0.44546534245606234,0.7049506731015218,0.9999999999999992,0.7045862333307271
7L5D,0.6609454472039815,0.4449160641517077,0.287216565147798,0.3707459853294399,0.34920267005137573,0.5446052005986998,0.7777414303439633,0.5903588148893397,0.6992920001474021,0.6447306214597186,0.6611661616787308,0.2705718928099689,0.7449591245427326,0.704677334690634,0.4980867308386102,0.3744205872506952,0.6673689249761015,0.511156809420919,0.41620174075813765,0.2009777410845054,0.5970544206626556,0.5862233629131289,0.6070152816473671,0.3024901214891035,0.6163086886940892,0.5704763753168538,0.4706183570082463,0.7027490785667441,0.701738570981216,0.2166715120926276,0.7564681054266832,0.5737536553270606,0.8053351688197942,0.7492401933059776,0.16851834054764186,0.05584478621635386,0.6928181426266078,0.5491695074449022,0.4261460711719394,0.5825121023912336,0.4182222855335601,0.9719971843145073,0.7045862333307275,0.9999999999999992
