Chain ID,Residue name,Residue sequence,5R7Y,5R7Z,5R80,5R81,5R82,5R83,5R84,5RE4,5RE9,5REB,5REZ,5RF1,5RF6,5RF7,5RFE,5RG1,5RGH,5RGI,5RGK,5RGT,5RGV,5RGW,5RGX,5RGY,5RGZ,5RH0,5RH1,5RH2,5RH3,5RH6,5RH8,5RHD,6M2N,6W63,6WNP,6XFN,7A1U,7ANS,7AP6,7AVD,7AWU,7JU7,7KX5,7L5D,Average(44)
A,VAL,20,0,0,0,0,0,0,0,0,0,0,0,0,0,0,0,0,0,0,0,0,0,0,0,0,0,0,0,0,0,0,0,0,0,0,0,0,0,0,0,0,0,0,0,0,=AVERAGE(D2:AU2)
A,CYS,22,0,0,0,0,0,0,0,0,0,0,0,0,0,0,0,0,0,0,0,0,0,0,0,0,0,0,0,0,0,0,0,0,0,0,0,0,0,0,0,0,0,0,0,0,=AVERAGE(D3:AU3)
A,GLY,23,0,0,0,0,0,0,0,0,0,0,0,0,0,0,0,0,0,0,0,0,0,0,0,0,0,0,0,0,0,0,0,0,0,0,0,0,0,0,0,0,0,0,0,0,=AVERAGE(D4:AU4)
A/B,THR,24,0,0,0,0,0,0,0,0,0,0,0,0,0,0,0,0,0,0,0,0,0,0,0,0,0,0,0,0,0,0,0,0,0,0,0,0,0,0,0,0,0,-0.5397,0,0,=AVERAGE(D5:AU5)
A/B,THR,25,0,0,0,0,0,0,0,0,0,0,0,0,0,0,0,0,0,0,0,0,0,0,0,0,0,0,0,0,0,0,0,-0.5315,0,0,0,0,0,0,0,0,0,0,0,0,=AVERAGE(D6:AU6)
A,THR,26,0,0,0,0,0,0,0,0,0,0,0,0,0,0,0,0,0,0,0,0,0,0,0,0,0,0,0,0,0,0,0,0,0,0,0,0,0,0,0,0,0,0,0,0,=AVERAGE(D7:AU7)
A,LEU,27,0,0,0,0,0,0,0,0,0,0,0,0,0,0,0,0,0,0,0,0,0,0,0,0,0,0,0,0,0,0,0,0,0,0,0,0,0,0,0,0,0,0,0,0,=AVERAGE(D8:AU8)
A,ASN,28,0,0,0,0,0,0,0,0,0,0,0,0,0,0,0,0,0,0,0,0,0,0,0,0,0,0,0,0,0,0,0,0,0,0,0,0,0,0,0,0,0,0,0,0,=AVERAGE(D9:AU9)
A/B,PRO,39,0,0,0,0,0,0,0,0,0,0,0,0,0,0,0,0,0,0,0,0,0,0,0,0,0,0,0,0,0,0,0,0,0,0,0,0,0,0,0,0,0,0,0,0,=AVERAGE(D10:AU10)
A/B,ARG,40,0,0,0,0,0,0,0,0,0,0,0,0,0,0,0,0,0,0,0,0,0,0,0,0,0,0,0,0,0,0,0,0,0,0,0,0,0,0,0,0,0,0,0,0,=AVERAGE(D11:AU11)
A/B,HIS,41,0,0,0,0,0,0,0,0,0,0,0,0,-0.1032,0,0,0,0,0,0,0,0,0,0,0,0,0,0,0,0,-0.0683,0,0,0,0,-0.6105,-0.5874,0,0,0,0,0,0,0,-0.1331,=AVERAGE(D12:AU12)
A/B,VAL,42,0,0,0,0,0,0,0,0,0,0,0,0,0,0,0,0,0,0,0,0,0,0,0,0,0,0,0,0,0,0,0,0,0,0,0,0,0,0,0,0,0,0,0,0,=AVERAGE(D13:AU13)
A/B,ILE,43,0,0,0,0,0,0,0,0,0,0,0,0,0,0,0,0,0,0,0,0,0,0,0,0,0,0,0,0,0,0,0,0,0,0,0,0,0,0,0,0,0,0,0,0,=AVERAGE(D14:AU14)
A/B,CYS,44,0,0,0,0,0,0,0,0,0,0,0,0,0,0,0,0,0,0,0,0,0,0,0,0,0,0,0,0,0,0,0,-0.5874,0,0,0,0,0,0,0,0,0,0,0,0,=AVERAGE(D15:AU15)
A/B,THR,45,0,0,0,0,0,0,0,0,0,0,0,0,0,0,0,0,0,0,0,0,0,0,0,0,0,0,0,0,0,0,0,0,0,0,0,0,0,0,0,0,0,0,0,0,=AVERAGE(D16:AU16)
A/B,SER,46,-0.0624,0,0,0,0,0,0,0,0,0,0,0,0,0,0,0,0,0,0,0,0,0,0,0,0,0,0,0,0,0,0,0,0,0,0,0,0,0,0,0,-0.1716,-0.011,0,0,=AVERAGE(D17:AU17)
A/B,GLU,47,0,0,0,0,0,0,0,0,0,0,0,0,0,0,0,0,0,0,0,0,0,0,0,0,0,0,0,0,0,0,0,0,0,0,0,0,0,0,0,0,0,0,0,0,=AVERAGE(D18:AU18)
A/B,ASP,48,0,0,0,0,0,0,0,0,0,0,0,0,0,0,0,0,0,0,0,0,0,0,0,0,0,0,0,0,0,0,0,0,0,0,0,0,0,0,0,0,0,0,0,0,=AVERAGE(D19:AU19)
A/B,MET,49,0,0,0,0,0,0,0,0,0,0,0,0,0,0,0,0,0,0,0,0,0,0,0,0,0,0,0,0,0,0,0,0,0,0,0,0,0,0,0,0,0,0,0,0,=AVERAGE(D20:AU20)
A/B,LEU,50,0,0,0,0,0,0,0,0,0,0,0,0,0,0,0,0,0,0,0,0,0,0,0,0,0,0,0,0,0,0,0,0,0,0,0,0,0,0,0,0,0,0,0,0,=AVERAGE(D21:AU21)
A/B,ASN,51,0,0,0,0,0,0,0,0,0,0,0,0,0,0,0,0,0,0,0,0,0,0,0,0,0,0,0,0,0,0,0,0,0,0,0,0,0,0,0,0,0,0,0,0,=AVERAGE(D22:AU22)
A/B,PRO,52,0,0,0,0,0,0,0,0,0,0,0,0,0,0,0,0,0,0,0,0,0,0,0,0,0,0,0,0,0,0,0,0,0,0,0,0,0,0,0,0,0,0,0,0,=AVERAGE(D23:AU23)
A/B,TYR,54,0,0,0,0,0,0,0,0,0,0,0,0,0,0,0,0,0,0,0,0,0,0,0,0,0,0,0,0,0,0,0,0,0,0,0,0,0,0,0,0,0,0,0,0,=AVERAGE(D24:AU24)
A/B,LEU,57,0,0,0,0,0,0,0,0,0,0,0,0,0,0,0,0,0,0,0,0,0,0,0,0,0,0,0,0,0,0,0,0,0,0,0,0,0,0,0,0,0,0,0,0,=AVERAGE(D25:AU25)
A,LYS,61,0,0,0,0,0,0,0,0,0,0,0,0,0,0,0,0,0,0,0,0,0,0,0,0,0,0,0,0,0,0,0,0,0,0,0,0,0,0,0,0,0,0,0,0,=AVERAGE(D26:AU26)
A,CYS,85,0,0,0,0,0,0,0,0,0,0,0,0,0,0,0,0,0,0,0,0,0,0,0,0,0,0,0,0,0,0,0,0,0,0,0,0,0,0,0,0,0,0,0,0,=AVERAGE(D27:AU27)
A,CYS,117,0,0,0,0,0,0,0,0,0,0,0,0,0,0,0,0,0,0,0,0,0,0,0,0,0,0,0,0,0,0,0,0,0,0,0,0,0,0,0,0,0,0,0,0,=AVERAGE(D28:AU28)
A,TYR,118,0,0,0,0,0,0,0,0,0,0,0,0,0,0,0,0,0,0,0,0,0,0,0,0,0,0,0,0,0,0,0,0,0,0,0,0,0,0,0,0,0,0,0,0,=AVERAGE(D29:AU29)
A,ASN,119,0,0,0,0,0,0,0,0,0,0,0,0,0,0,0,0,0,0,0,0,0,0,0,0,0,0,0,0,0,0,0,0,0,0,0,0,0,0,0,0,0,0,0,0,=AVERAGE(D30:AU30)
A,TYR,126,0,0,0,0,0,0,0,0,0,0,0,0,0,0,0,0,0,0,0,0,0,0,0,0,0,0,0,0,0,0,0,0,0,0,0,0,0,0,0,0,0,0,0,0,=AVERAGE(D31:AU31)
A,GLY,138,0,0,0,0,0,0,0,0,0,0,0,0,0,0,0,0,0,0,0,0,0,0,0,0,0,0,0,0,0,0,0,0,0,0,0,0,0,0,0,0,0,0,0,0,=AVERAGE(D32:AU32)
A,SER,139,0,0,0,0,0,0,0,0,0,0,0,0,0,0,0,0,0,0,0,0,0,0,0,0,0,0,0,0,0,0,0,0,0,0,0,0,0,0,0,0,0,0,0,0,=AVERAGE(D33:AU33)
A,PHE,140,0,0,0,0,0,0,0,0,0,0,0,0,0,0,0,0,0,0,0,0,0,0,0,0,0,0,0,0,0,0,0,0,0,0,0,0,0,0,0,0,0,0,0,0,=AVERAGE(D34:AU34)
A,LEU,141,0,0,0,0,0,0,0,0,0,0,0,0,0,0,0,0,0,0,0,0,0,0,0,0,0,0,0,0,0,0,0,0,0,0,0,0,0,0,0,0,0,0,0,0,=AVERAGE(D35:AU35)
A/B,ASN,142,0,0,0,0,0,0,0,0,0,0,0,0,0,0,0,0,0,0,0,0,0,0,0,0,0,0,0,0,0,0,0,0,-0.1332,0,0,0,0,0,0,0,0,0,-0.1995,0,=AVERAGE(D36:AU36)
A,GLY,143,0,0,0,0,0,0,0,0,0,0,0,0,0,0,0,0,0,-0.5771,0,0,0,0,0,0,0,0,0,0,0,-0.3854,0,0,-0.7774,-0.6241,-0.5874,-0.8557,0,-0.4105,0,0,0,0,-0.7748,0,=AVERAGE(D37:AU37)
A,SER,144,0,0,0,0,0,0,0,0,0,0,0,0,0,0,0,0,0,-0.1054,0,0,0,0,0,0,0,0,0,0,0,0,0,0,0,-0.0706,-0.3754,-0.4921,0,-0.1457,0,0,-0.1612,0,-0.075,0,=AVERAGE(D38:AU38)
A/B,CYS,145,0,0,0,0,0,0,0,0,0,0,0,0,0,0,0,0,0,-0.1749,0,0,0,0,0,0,0,0,0,0,0,0,0,0,0,0,-0.5032,-0.2831,0,-0.4836,0,0,0,0,0,0,=AVERAGE(D39:AU39)
A,GLY,146,0,0,0,0,0,0,0,0,0,0,0,0,0,0,0,0,0,0,0,0,0,0,0,0,0,0,0,0,0,0,0,0,0,0,0,0,0,0,0,0,0,0,0,0,=AVERAGE(D40:AU40)
A,SER,147,0,0,0,0,0,0,0,0,0,0,0,0,0,0,0,0,0,0,0,0,0,0,0,0,0,0,0,0,0,0,0,0,0,0,0,0,0,0,0,0,0,0,0,0,=AVERAGE(D41:AU41)
A,TYR,161,0,0,0,0,0,0,0,0,0,0,0,0,0,0,0,0,0,0,0,0,0,0,0,0,0,0,0,0,0,0,0,0,0,0,0,0,0,0,0,0,0,0,0,0,=AVERAGE(D42:AU42)
A/B,HIS,163,0,0,0,0,0,-0.5412,-0.5874,-0.5874,0,0,0,0,0,-0.5701,0,-0.3764,0,-0.5874,-0.5098,-0.5874,-0.5874,-0.5874,-0.5874,0,-0.5874,-0.3962,-0.5874,-0.5874,-0.5874,-0.5874,0,0,0,-0.5874,0,-0.4119,0,0,-0.5663,0,-0.5874,-0.5874,-0.5874,-0.5874,=AVERAGE(D43:AU43)
A/B,HIS,164,0,0,0,0,0,0,0,0,0,0,0,0,0,0,0,0,0,0,0,0,0,0,0,0,0,0,0,0,0,0,0,0,0,0,-0.3327,-0.5148,0,0,0,0,0,-0.3775,0,-0.4446,=AVERAGE(D44:AU44)
A/B,MET,165,0,0,0,0,0,0,0,0,0,0,0,0,0,0,0,0,0,0,0,0,0,0,0,0,0,0,0,0,0,0,0,0,0,0,0,0,0,0,0,0,0,0,0,0,=AVERAGE(D45:AU45)
A/B,GLU,166,0,-0.5874,-0.4291,0,0,-0.4159,-0.381,-0.475,0,0,-1.0142,-0.5605,-0.4748,-0.4151,0,-0.1183,0,0,0,-0.5874,-0.5014,-0.4592,-0.4112,-1.143,-0.4867,-0.5243,-0.1723,-0.3207,-0.2339,-0.4978,0,-0.5874,-0.3245,-0.5874,-1.0444,0,0,0,0,0,0,0,-0.2595,0,=AVERAGE(D46:AU46)
A,LEU,167,0,0,0,0,0,0,0,0,0,0,0,0,0,0,0,0,0,0,0,0,0,0,0,0,0,0,0,0,0,0,0,0,0,0,0,0,0,0,0,0,0,0,0,0,=AVERAGE(D47:AU47)
A,PRO,168,0,0,0,0,0,0,0,0,0,0,0,0,0,0,0,0,0,0,0,0,0,0,0,0,0,0,0,0,0,0,0,0,0,0,0,0,0,0,0,0,0,0,0,0,=AVERAGE(D48:AU48)
A,THR,169,0,0,0,0,0,0,0,0,0,0,0,0,0,0,0,0,0,0,0,0,0,0,0,0,0,0,0,0,0,0,0,0,0,0,0,0,0,0,0,0,0,0,0,0,=AVERAGE(D49:AU49)
A,GLY,170,0,0,0,0,0,0,0,0,0,0,0,0,0,0,0,0,0,0,0,0,0,0,0,0,0,0,0,0,0,0,0,0,0,0,0,0,0,0,0,0,0,0,0,0,=AVERAGE(D50:AU50)
A,VAL,171,0,0,0,0,0,0,0,0,0,0,0,0,0,0,0,0,0,0,0,0,0,0,0,0,0,0,0,0,0,0,0,0,0,0,0,0,0,0,0,0,0,0,0,0,=AVERAGE(D51:AU51)
A,HIS,172,0,0,0,0,0,0,0,0,0,0,0,0,0,0,0,0,0,0,0,0,0,0,0,0,0,0,0,0,0,0,0,0,0,0,0,0,0,0,0,0,0,0,0,0,=AVERAGE(D52:AU52)
A/B,ALA,173,0,0,0,0,0,0,0,0,0,0,0,0,0,0,0,0,0,0,0,0,0,0,0,0,0,0,0,0,0,0,0,0,0,0,0,0,0,0,0,0,0,0,0,0,=AVERAGE(D53:AU53)
A,GLY,174,0,0,0,0,0,0,0,0,0,0,0,0,0,0,0,0,0,0,0,0,0,0,0,0,0,0,0,0,0,0,0,0,0,0,0,0,0,0,0,0,0,0,0,0,=AVERAGE(D54:AU54)
A,THR,175,0,0,0,0,0,0,0,0,0,0,0,0,0,0,0,0,0,0,0,0,0,0,0,0,0,0,0,0,0,0,0,0,0,0,0,0,0,0,0,0,0,0,0,0,=AVERAGE(D55:AU55)
A/B,PHE,181,0,0,0,0,0,0,0,0,0,0,0,0,0,0,0,0,0,0,0,0,0,0,0,0,0,0,0,0,0,0,0,0,0,0,0,0,0,0,0,0,0,0,0,0,=AVERAGE(D56:AU56)
A,PHE,185,0,0,0,0,0,0,0,0,0,0,0,0,0,0,0,0,0,0,0,0,0,0,0,0,0,0,0,0,0,0,0,0,0,0,0,0,0,0,0,0,0,0,0,0,=AVERAGE(D57:AU57)
A/B,VAL,186,0,0,0,0,0,0,0,0,0,0,0,0,0,0,0,0,0,0,0,0,0,0,0,0,0,0,0,0,0,0,0,0,0,0,0,0,0,0,0,0,0,0,0,0,=AVERAGE(D58:AU58)
A/B,ASP,187,0,0,0,0,0,0,0,0,0,0,0,0,0,0,0,0,0,0,0,0,0,0,0,0,0,0,0,0,0,0,0,0,0,0,0,0,0,0,0,0,0,0,0,0,=AVERAGE(D59:AU59)
A/B,ARG,188,0,0,-0.3796,0,0,0,0,0,0,0,0,0,0,0,0,0,0,0,0,0,0,0,0,0,0,0,0,0,0,0,0,0,0,0,0,0,0,0,0,0,0,0,0,0,=AVERAGE(D60:AU60)
A/B,GLN,189,0,0,0,0,-0.5874,0,0,0,0,0,0,0,0,0,0,0,0,0,0,0,0,-0.0217,0,0,0,0,0,0,0,0,0,0,0,0,0,0,-0.5874,0,0,-0.2852,0,0,0,0,=AVERAGE(D61:AU61)
A/B,THR,190,0,0,0,0,0,0,0,0,0,0,0,0,0,0,0,0,0,0,0,0,0,0,0,0,0,0,0,0,0,0,0,0,0,0,0,0,0,0,0,0,0,0,0,0,=AVERAGE(D62:AU62)
A,ALA,191,0,0,0,0,0,0,0,0,0,0,0,0,0,0,0,0,0,0,0,0,0,0,0,0,0,0,0,0,0,0,0,0,0,0,0,0,0,0,0,0,0,0,0,0,=AVERAGE(D63:AU63)
A/B,GLN,192,0,0,0,0,0,0,0,0,0,0,0,0,0,0,0,0,0,0,0,0,0,0,0,0,0,0,0,0,0,0,0,0,0,0,0,0,0,0,0,0,0,0,0,0,=AVERAGE(D64:AU64)
A,ALA,193,0,0,0,0,0,0,0,0,0,0,0,0,0,0,0,0,0,0,0,0,0,0,0,0,0,0,0,0,0,0,0,0,0,0,0,0,0,0,0,0,0,0,0,0,=AVERAGE(D65:AU65)
A,ALA,194,0,0,0,0,0,0,0,0,0,0,0,0,0,0,0,0,0,0,0,0,0,0,0,0,0,0,0,0,0,0,0,0,0,0,0,0,0,0,0,0,0,0,0,0,=AVERAGE(D66:AU66)

Intra-Ligand Free,,,-0.1456,0.1398,-0.13,-0.0965,-0.085,0.098,0.261,-0.0612,-0.2482,0.0152,0.3552,-0.0472,-0.0435,-0.1511,-0.2843,0.2284,0.2053,-0.0294,-0.0597,-0.7009,-0.3881,0.1421,-0.208,-0.0535,-0.2019,0.8386,0.0875,-0.2487,-0.3163,-0.7228,-0.4168,-0.2164,-0.3051,0.8445,-1.3459,6.7884,-1.0877,-0.8786,-0.3301,-0.0039,0.281,-0.423,-0.6966,-0.0072,=AVERAGE(D68:AU68)
Inter-Ligand Free,,,-4.477,-6.2729,-5.6741,-5.143,-3.5223,-5.8876,-6.7561,-4.4351,-3.2089,-3.625,-4.4854,-3.9229,-4.8395,-6.7547,-4.6234,-5.3345,-4.3903,-7.1816,-3.4094,-3.2164,-7.3287,-6.8717,-7.2948,-7.7434,-7.068,-5.0528,-4.1043,-7.499,-7.361,-4.5103,-5.8241,-5.502,-7.4471,-11.85,-3.2652,0.8493,-6.4328,-4.9857,-4.7956,-6.2378,-3.0178,-0.3678,-12.3239,3.7505,=AVERAGE(D69:AU69)
Total Free Energy,,,-4.6226,-6.1331,-5.8042,-5.2395,-3.6073,-5.7896,-6.4951,-4.4963,-3.457,-3.6098,-4.1302,-3.9701,-4.883,-6.9058,-4.9077,-5.1061,-4.185,-7.211,-3.469,-3.9173,-7.7168,-6.7296,-7.5027,-7.7969,-7.2699,-4.2142,-4.0168,-7.7477,-7.6773,-5.2331,-6.2409,-5.7183,-7.7521,-11.0055,-4.6112,7.6377,-7.5205,-5.8644,-5.1256,-6.2417,-2.7369,-0.7907,-13.0206,3.7433,=AVERAGE(D70:AU70)
Normalized Total Free Energy,,,-3.6285,-5.3369,-4.8275,-4.859,-3.1536,-4.7718,-5.748,-4.1901,-2.7301,-3.2456,-4.0159,-3.7062,-4.5722,-6.0476,-3.7472,-3.9493,-3.9307,-5.5572,-2.7632,-2.3812,-6.2352,-5.8464,-6.2063,-6.2758,-6.0134,-4.0952,-3.4919,-6.3801,-6.9545,-3.2006,-4.5068,-4.926,-7.0357,-8.4089,-1.9873,0.5565,-4.9778,-3.858,-3.8867,-4.8269,-2.4459,-0.261,-8.3969,2.6614,=AVERAGE(D71:AU71)
