Chain ID,Residue name,Residue sequence,5REJ,5REK,5REL,5REM,5REN,5RER,5RES,5RET,5REU,5REV,5REW,5REX,5REY,5RFF,5RFG,5RFH,5RFI,5RFJ,5RFK,5RFL,5RFM,5RFN,5RFO,5RFP,5RFQ,5RFR,5RFS,5RFT,5RFU,5RFV,5RFW,5RFX,5RFY,5RFZ,5RG0,5RG2,5RGL,5RGM,5RGN,5RGO,5RGP,5RH5,5RH7,5RH9,5RHA,5RHB,5RHC,5RHE,5RHF,5RL0,5RL1,5RL2,5RL3,5RL4,5RL5,6LZE,6M0K,6WTJ,6WTK,6WTT,6XBG,6XBH,6XCH,6XHM,6XMK,6XQS,6XQT,6XQU,6XR3,6Y2F,6Y2G,6YNQ,6YZ6,6ZRT,6ZRU,7ADW,7AHA,7AKU,7AQJ,7AWS,7AY7,7B3E,7B83,7BRP,7BUY,7C6S,7C6U,7C7P,7C8R,7C8T,7C8U,7CBT,7COM,7CX9,7D1M,7D1O,7JKV,7JPZ,7JQ0,7JQ1,7JQ2,7JQ3,7JQ4,7JQ5,7JYC,7K40,7K6D,7K6E,7KS5,7KYU,Average(110)
A,GLN,19,0,0,0,0,0,0,0,0,0,0,0,0,0,0,0,0,0,0,0,0,0,0,0,0,0,0,0,0,0,0,0,0,0,0,0,0,0,0,0,0,0,0,0,0,0,0,0,0,0,0,0,0,0,0,0,0,0,0,0,0,0,0,0,0,0,0,0,0,0,0,0,0,0,0,0,0,0,0,0,0,0,0,0,0,0,0,0,0,0,0,0,0,0,0,0,0,0,0,0,0,0,0,0,0,0,0,0,0,0,0,=AVERAGE(D2:DI2)
A,VAL,20,0,0,0,0,0,0,0,0,0,0,0,0,0,0,0,0,0,0,0,0,0,0,0,0,0,0,0,0,0,0,0,0,0,0,0,0,0,0,0,0,0,0,0,0,0,0,0,0,0,0,0,0,0,0,0,0,0,0,0,0,0,0,0,0,0,0,0,0,0,0,0,0,0,0,0,0,0,0,0,0,0,0,0,0,0,0,0,0,0,0,0,0,0,0,0,0,0,0,0,0,0,0,0,0,0,0,0,0,0,0,=AVERAGE(D3:DI3)
A,THR,21,0,0,0,0,0,0,0,0,0,0,0,0,0,0,0,0,0,0,0,0,0,0,0,0,0,0,0,0,0,0,0,0,0,0,0,0,0,0,0,0,0,0,0,0,0,0,0,0,0,0,0,0,0,0,0,0,0,0,0,0,0,0,0,0,0,0,0,0,0,0,0,0,0,0,0,0,0,0,0,0,0,0,0,0,0,0,0,0,0,0,0,0,0,0,0,0,0,0,0,0,0,0,0,0,0,0,0,0,0,0,=AVERAGE(D4:DI4)
A,CYS,22,0,0,0,0,0,0,0,0,0,0,0,0,0,0,0,0,0,0,0,0,0,0,0,0,0,0,0,0,0,0,0,0,0,0,0,0,0,0,0,0,0,0,0,0,0,0,0,0,0,0,0,0,0,0,0,0,0,0,0,0,0,0,0,0,0,0,0,0,0,0,0,0,0,0,0,0,0,0,0,0,0,0,0,0,0,0,0,0,0,0,0,0,0,0,0,0,0,0,0,0,0,0,0,0,0,0,0,0,0,0,=AVERAGE(D5:DI5)
A,GLY,23,0,0,0,0,0,0,0,0,0,0,0,0,0,0,0,0,0,0,0,0,0,0,0,0,0,0,0,0,0,0,0,0,0,0,0,0,0,0,0,0,0,0,0,0,0,0,0,0,0,0,0,0,0,0,0,0,0,0,0,0,0,0,0,0,0,0,0,0,0,0,0,0,0,0,0,0,0,0,0,0,0,0,0,0,0,0,0,0,0,0,0,0,0,0,0,0,0,0,0,0,0,0,0,0,0,0,0,0,0,0,=AVERAGE(D6:DI6)
A,THR,24,0,0,0,0,0,0,0,0,0,0,0,0,0,0,0,-0.0209,0,0,0,0,0,0,0,0,0,0,0,0,0,0,0,0,0,0,0,0,0,0,0,0,0,0,0,0,0,0,0,0,0,0,0,0,0,0,0,0,0,0,0,0,0,0,0,0,0,0,0,0,0,0,0,0,0,0,0,0,0,0,0,0,0,0,0,0,0,0,0,0,0,0,0,0,0,0,0,0,0,0,0,0,0,0,0,0,0,0,0,0,0,0,=AVERAGE(D7:DI7)
A/B,THR,25,0,0,0,-0.1403,-0.0833,0,0,0,-0.0771,-0.0361,-0.0786,0,0,0,-0.1764,0,-0.0599,-0.1052,-0.0184,-0.0371,-0.0885,-0.0701,-0.0754,0,-0.0861,-0.1035,0,-0.1007,0,-0.0625,0,0,-0.0932,-0.0351,-0.035,0,0,0,0,0,0,0,0,0,0,0,0,0,-0.0591,0,0,0,0,0,0,0,0,0,0,0,-0.0351,0,0,0,0,-0.0351,-0.0351,0,-0.1403,0,0,0,0,-0.0351,0,0,0,0,0,0,-0.1158,-0.0063,-0.0452,0,0,0,0,-0.0351,-0.0351,0,0,0,0,0,0,-0.0351,-0.1316,0,0,0,0,0,0,0,-0.0351,0,-0.0351,-0.0351,0,0,=AVERAGE(D8:DI8)
A/B,THR,26,0,0,0,0,0,0,0,0,0,-0.3044,0,0,0,0,0,0,0,0,0,0,-0.5361,-0.4032,0,0,0,0,0,0,0,0,0,0,0,0,0,-0.538,0,0,0,0,0,0,0,0,0,0,0,0,0,0,0,0,0,0,0,0,0,0,0,0,0,0,0,0,0,0,0,0,0,0,0,0,0,0,0,0,0,0,0,0,0,-0.4092,0,0,0,0,0,0,0,0,0,0,0,0,0,0,0,0,0,0,0,0,0,0,0,0,0,0,0,0,=AVERAGE(D9:DI9)
A/B,LEU,27,-0.0029,-0.012,0,0,-0.1034,0,-0.0086,0,0,-0.0895,0,0,0,-0.0135,-0.1987,0,0,0,0,0,-0.024,-0.0433,0,0,-0.0403,0,0,0,-0.0103,0,0,0,0,-0.0946,-0.018,-0.149,-0.0236,0,0,-0.0084,-0.0075,-0.0476,-0.0542,-0.0612,0,0,0,0,0,-0.0703,-0.0581,-0.0723,-0.0495,-0.0558,-0.0644,0,0,0,0,0,-0.0135,0,0,0,0,0,0,0,-0.0233,0,0,0,0,0,0,0,0,0,0,0,-0.0071,-0.0102,0,0,0,0,0,-0.0034,-0.084,0,0,0,0,0,0,0,-0.0206,0,0,0,0,0,0,0,0,0,-0.0022,-0.0006,0,0,=AVERAGE(D10:DI10)
A/B,ASN,28,0,0,0,0,0,0,0,0,0,0,0,0,0,0,0,0,0,0,0,0,0,0,0,0,0,0,0,0,0,0,0,0,0,0,0,0,0,0,0,0,0,0,0,0,0,0,0,0,0,0,0,0,0,0,0,0,0,0,0,0,0,0,0,0,0,0,0,0,0,0,0,0,0,0,0,0,0,0,0,0,0,0,0,0,0,0,0,0,0,0,0,0,0,0,0,0,0,0,0,0,0,0,0,0,0,0,0,0,0,0,=AVERAGE(D11:DI11)
A,CYS,38,0,0,0,0,0,0,0,0,0,0,0,0,0,0,0,0,0,0,0,0,0,0,0,0,0,0,0,0,0,0,0,0,0,0,0,0,0,0,0,0,0,0,0,0,0,0,0,0,0,0,0,0,0,0,0,0,0,0,0,0,0,0,0,0,0,0,0,0,0,0,0,0,0,0,0,0,0,0,0,0,0,0,0,0,0,0,0,0,0,0,0,0,0,0,0,0,0,0,0,0,0,0,0,0,0,0,0,0,0,0,=AVERAGE(D12:DI12)
A/B,PRO,39,0,0,0,0,0,0,0,0,0,0,0,0,0,0,0,0,0,0,0,0,0,0,0,0,0,0,0,0,0,0,0,0,0,0,0,0,0,0,0,0,0,0,0,0,0,0,0,0,0,0,0,0,0,0,0,0,0,0,0,0,0,0,0,0,0,0,0,0,0,0,0,0,0,0,0,0,0,0,0,0,0,0,0,0,0,0,0,0,0,0,0,0,0,-0.0546,0,0,0,0,0,0,0,0,0,0,0,0,0,0,0,-0.0021,=AVERAGE(D13:DI13)
A/B,ARG,40,0,0,0,0,0,0,0,0,0,0,0,0,0,0,0,0,0,0,0,0,0,0,0,0,0,0,0,0,0,0,0,0,0,0,0,0,0,0,0,0,0,0,0,0,0,0,0,0,0,0,0,0,0,0,0,0,0,0,0,0,0,0,0,0,0,0,0,0,0,0,0,0,0,0,0,0,0,0,0,0,0,0,0,0,0,0,0,0,0,0,0,0,0,0,0,0,0,0,0,0,0,0,0,0,0,0,0,0,0,0,=AVERAGE(D14:DI14)
A/B,HIS,41,0,0,-0.046,-0.0033,-0.0588,-0.0468,0,-0.0596,-0.0015,0,0,-0.0637,-0.0396,0,-0.0657,-0.0413,-0.0295,0,0,0,-0.0666,-0.0419,0,-0.3862,0,-0.0343,-0.0391,-0.0492,0,-0.0234,-0.0237,0,0,0,0,0,0,-0.367,0,0,0,-0.0999,-0.0988,-0.0541,-0.0246,0,0,0,0,-0.154,-0.1616,-0.1508,-0.1489,-0.1492,-0.1424,-0.1517,-0.017,-0.078,-0.0978,-0.0765,-0.6454,-0.2127,-0.0812,-0.0582,-0.0711,-0.6236,-0.6522,-0.6366,-0.0893,-0.6435,-0.6174,0,-0.6668,-0.5987,-0.6478,0,0,-0.0958,0,-0.2003,-0.0325,-0.2672,-0.8664,-0.6602,-0.0341,-0.6524,-0.0614,-0.6262,-0.2889,-0.1586,-0.0451,-0.0584,-0.6509,-0.1753,-0.0644,-0.6513,-0.0842,-0.1964,-0.0679,-0.1728,-0.1497,-0.0763,-0.1947,-0.1832,-0.6462,-0.6333,-0.6199,-0.6305,-0.126,-0.16,=AVERAGE(D15:DI15)
A/B,VAL,42,0,0,0,0,0,0,0,0,0,0,0,0,0,0,0,0,0,0,0,0,0,0,0,0,0,0,0,0,0,0,0,0,0,0,0,0,0,0,0,0,0,0,0,0,0,0,0,0,0,0,0,0,0,0,0,0,0,0,0,0,0,0,0,0,0,0,0,0,0,0,0,0,0,0,0,0,0,0,0,0,0,0,0,0,0,0,0,0,0,0,0,0,0,0,0,0,0,0,0,0,0,0,0,0,0,0,0,0,0,0,=AVERAGE(D16:DI16)
A,ILE,43,0,0,0,0,0,0,0,0,0,0,0,0,0,0,0,0,0,0,0,0,0,0,0,0,0,0,0,0,0,0,0,0,0,0,0,0,0,0,0,0,0,0,0,0,0,0,0,0,0,0,0,0,0,0,0,0,0,0,0,0,0,0,0,0,0,0,0,0,0,0,0,0,0,0,0,0,0,0,0,0,0,0,0,0,0,0,0,0,0,0,0,0,0,0,0,0,0,0,0,0,0,0,0,0,0,0,0,0,0,0,=AVERAGE(D17:DI17)
A/B,CYS,44,0,0,0,0,0,0,0,0,0,0,0,0,0,0,0,0,0,0,0,0,0,0,0,0,0,0,0,0,0,0,0,0,0,0,0,0,0,0,0,0,0,0,0,0,0,0,0,0,0,0,0,0,0,0,0,0,0,0,0,0,0,0,0,0,0,0,0,0,0,0,0,0,0,0,0,0,0,0,0,0,0,0,0,0,0,0,0,0,0,0,0,0,0,0,0,0,0,0,0,0,0,0,0,0,0,0,0,0,0,0,=AVERAGE(D18:DI18)
A/B,THR,45,0,0,0,0,0,0,0,0,0,0,0,0,0,0,0,0,0,0,0,0,0,0,0,0,0,0,0,0,0,0,0,0,0,0,0,0,0,0,0,0,0,0,0,0,0,0,0,0,0,0,0,0,0,0,0,0,0,0,0,0,0,0,0,0,0,0,0,0,0,0,0,0,0,0,0,0,0,0,0,0,0,0,0,0,0,0,0,0,0,0,0,0,0,0,0,0,0,0,0,0,0,0,0,0,0,0,0,0,0,0,=AVERAGE(D19:DI19)
A,SER,46,0,0,0,0,0,0,0,0,0,0,0,0,0,0,0,0,0,0,0,0,0,0,0,0,0,0,0,0,0,0,0,0,0,0,0,0,0,0,0,0,0,0,0,0,0,0,0,0,0,0,0,0,0,0,0,0,0,0,0,0,0,0,0,0,0,0,0,0,0,0,0,0,0,0,0,0,0,0,0,0,0,0,0,0,0,0,0,0,0,0,0,0,0,0,0,0,0,0,0,0,0,0,0,0,0,0,0,0,0,0,=AVERAGE(D20:DI20)
A,GLU,47,0,0,0,0,0,0,0,0,0,0,0,0,0,0,0,0,0,0,0,0,0,0,0,0,0,0,0,0,0,0,0,0,0,0,0,0,0,0,0,0,0,0,0,0,0,0,0,0,0,0,0,0,0,0,0,0,0,0,0,0,0,0,0,0,0,0,0,0,0,0,0,0,0,0,0,0,0,0,0,0,0,0,0,0,0,0,0,0,0,0,0,0,0,0,0,0,0,0,0,0,0,0,0,0,0,0,0,0,0,0,=AVERAGE(D21:DI21)
A/B,ASP,48,0,0,0,0,0,0,0,0,0,0,0,0,0,0,0,0,0,0,0,0,0,0,0,0,0,0,0,0,0,0,0,0,0,0,0,0,0,0,0,0,0,0,0,0,0,0,0,0,0,0,0,0,0,0,0,0,0,0,0,0,0,0,0,0,0,0,0,0,0,0,0,0,0,0,0,0,0,0,0,0,0,0,0,0,0,0,0,0,0,0,0,0,0,0,0,0,0,0,0,0,0,0,0,0,0,0,0,0,0,0,=AVERAGE(D22:DI22)
A/B,MET,49,0,0,-0.0942,-0.0113,-0.0923,-0.0582,0,-0.101,-0.0331,0,-0.016,-0.1323,-0.122,0,0,0,-0.0235,0,0,-0.0002,-0.0317,-0.0274,0,-0.0274,0,0,-0.0307,-0.0787,0,-0.01,-0.0046,0,-0.0061,0,0,0,0,-0.0529,0,-0.0701,0,-0.0787,-0.097,-0.0265,-0.0027,0,0,0,-0.07,-0.0821,-0.1464,-0.1392,-0.0916,-0.1392,-0.0854,-0.0462,-0.041,-0.061,-0.0643,0,-0.0266,-0.0781,-0.0497,-0.0278,-0.0085,-0.0361,-0.0813,-0.0466,-0.0067,0,0,0,-0.0578,-0.0583,-0.0784,0,0,-0.0351,0,0,-0.0188,0,0,-0.0998,0,-0.0792,-0.0464,-0.0138,0,-0.0238,-0.0523,-0.0351,-0.0115,0,-0.0232,-0.048,-0.0264,-0.1227,-0.0484,-0.1206,-0.0818,0,-0.1536,-0.1302,-0.0758,-0.0738,-0.0458,-0.0396,-0.0816,0,=AVERAGE(D23:DI23)
A/B,LEU,50,0,0,0,0,0,0,0,0,0,0,0,0,0,0,0,0,0,0,0,0,0,0,0,0,0,0,0,0,0,0,0,0,0,0,0,0,0,0,0,0,0,0,0,0,0,0,0,0,0,0,0,0,0,0,0,0,0,0,0,0,0,0,0,0,0,0,0,0,0,0,0,0,0,0,0,0,0,0,0,0,0,0,0,0,0,0,0,0,0,0,0,0,0,0,0,0,0,0,0,0,0,0,0,0,0,0,0,0,0,0,=AVERAGE(D24:DI24)
A,ASN,51,0,0,0,0,0,0,0,0,0,0,0,0,0,0,0,0,0,0,0,0,0,0,0,0,0,0,0,0,0,0,0,0,0,0,0,0,0,0,0,0,0,0,0,0,0,0,0,0,0,0,0,0,0,0,0,0,0,0,0,0,0,0,0,0,0,0,0,0,0,0,0,0,0,0,0,0,0,0,0,0,0,0,0,0,0,0,0,0,0,0,0,0,0,0,0,0,0,0,0,0,0,0,0,0,0,0,0,0,0,0,=AVERAGE(D25:DI25)
A/B,PRO,52,0,0,0,0,-0.0112,0,0,0,0,0,0,0,0,0,0,0,0,0,0,0,0,0,0,0,0,0,0,0,0,0,0,0,0,0,0,0,0,0,0,0,0,0,0,0,0,0,0,0,0,0,0,0,0,0,0,0,0,0,0,0,0,-0.0368,0,0,0,0,0,0,0,0,0,0,0,0,0,0,0,0,0,0,0,0,0,0,0,0,0,0,0,-0.005,0,0,0,0,0,0,0,-0.0296,0,-0.0136,-0.0067,0,-0.0145,-0.0243,0,0,0,0,0,0,=AVERAGE(D26:DI26)
A/B,TYR,54,0,0,0,0,0,0,0,0,0,0,0,0,0,0,0,0,0,0,0,0,0,0,0,0,0,0,0,0,0,0,0,0,0,0,0,0,0,0,0,0,0,0,0,0,0,0,0,0,0,0,0,0,0,0,0,0,0,0,0,0,0,0,0,0,0,0,0,0,0,0,0,0,0,0,0,0,0,0,0,0,0,0,0,0,0,0,0,0,0,0,0,0,0,0,0,0,0,0,0,0,0,0,0,0,0,0,0,0,0,0,=AVERAGE(D27:DI27)
A,LEU,57,0,0,0,0,0,0,0,0,0,0,0,0,0,0,0,0,0,0,0,0,0,0,0,0,0,0,0,0,0,0,0,0,0,0,0,0,0,0,0,0,0,0,0,0,0,0,0,0,0,0,0,0,0,0,0,0,0,0,0,0,0,0,0,0,0,0,0,0,0,0,0,0,0,0,0,0,0,0,0,0,0,0,0,0,0,0,0,0,0,0,0,0,0,0,0,0,0,0,0,0,0,0,0,0,0,0,0,0,0,0,=AVERAGE(D28:DI28)
A,CYS,85,0,0,0,0,0,0,0,0,0,0,0,0,0,0,0,0,0,0,0,0,0,0,0,0,0,0,0,0,0,0,0,0,0,0,0,0,0,0,0,0,0,0,0,0,0,0,0,0,0,0,0,0,0,0,0,0,0,0,0,0,0,0,0,0,0,0,0,0,0,0,0,0,0,0,0,0,0,0,0,0,0,0,0,0,0,0,0,0,0,0,0,0,0,0,0,0,0,0,0,0,0,0,0,0,0,0,0,0,0,0,=AVERAGE(D29:DI29)
A/B,CYS,117,0,0,0,0,0,0,0,0,0,0,0,0,0,0,0,0,0,0,0,0,0,0,0,0,0,0,0,0,0,0,0,0,0,0,0,0,0,0,0,0,0,0,0,0,0,0,0,0,0,0,0,0,0,0,0,0,0,0,0,0,0,0,0,0,0,0,0,0,0,0,0,0,0,0,0,0,0,0,0,0,0,0,0,0,0,0,0,0,0,0,0,0,0,0,0,0,0,0,0,0,0,0,0,0,0,0,0,0,0,0,=AVERAGE(D30:DI30)
A/B,TYR,118,0,0,0,0,0,0,0,0,0,0,0,0,0,0,0,0,0,0,0,0,0,0,0,0,0,0,0,0,0,0,0,0,0,0,0,0,0,0,0,0,0,0,0,0,0,0,0,0,0,0,0,0,0,0,0,0,0,0,0,0,0,0,0,0,0,0,0,0,0,0,0,0,0,0,0,0,0,0,0,0,0,0,0,0,0,0,0,0,0,0,0,0,0,0,0,0,0,0,0,0,0,0,0,0,0,0,0,0,0,0,=AVERAGE(D31:DI31)
A,ASN,119,0,0,0,0,0,0,0,0,0,0,0,0,0,0,0,0,0,0,0,0,0,0,0,0,0,0,0,0,0,0,0,0,0,0,0,0,0,0,0,0,0,0,0,0,0,0,0,0,0,0,0,0,0,0,0,0,0,0,0,0,0,0,0,0,0,0,0,0,0,0,0,0,0,0,0,0,0,0,0,0,0,0,0,0,0,0,0,0,0,0,0,0,0,0,0,0,0,0,0,0,0,0,0,0,0,0,0,0,0,0,=AVERAGE(D32:DI32)
A,THR,135,0,0,0,0,0,0,0,0,0,0,0,0,0,0,0,0,0,0,0,0,0,0,0,0,0,0,0,0,0,0,0,0,0,0,0,0,0,0,0,0,0,0,0,0,0,0,0,0,0,0,0,0,0,0,0,0,0,0,0,0,0,0,0,0,0,0,0,0,0,0,0,0,0,0,0,0,0,0,0,0,0,0,0,0,0,0,0,0,0,0,0,0,0,0,0,0,0,0,0,0,0,0,0,0,0,0,0,0,0,0,=AVERAGE(D33:DI33)
A/B,GLY,138,0,0,0,0,0,0,0,0,0,0,0,0,0,0,0,0,0,0,0,0,0,0,0,0,0,0,0,0,0,0,0,0,0,0,0,0,0,0,0,0,0,0,0,0,0,0,0,0,0,0,0,0,0,0,0,0,0,0,0,0,0,0,0,0,0,0,0,0,0,0,0,0,0,0,0,0,0,0,0,0,0,0,0,0,0,0,0,0,0,0,0,0,0,0,0,0,0,0,0,0,0,0,0,0,0,0,0,0,0,0,=AVERAGE(D34:DI34)
A/B,SER,139,0,0,0,0,0,0,0,0,0,0,0,0,0,0,0,0,0,0,0,0,0,0,0,0,0,0,0,0,0,0,0,0,0,0,0,0,0,0,0,0,0,0,0,0,0,0,0,0,0,0,0,0,0,0,0,0,0,0,0,0,0,0,0,0,0,0,0,0,0,0,0,0,0,0,0,0,0,0,0,0,0,0,0,0,0,0,0,0,0,0,0,0,0,0,0,0,0,0,0,0,0,0,0,0,0,0,0,0,0,0,=AVERAGE(D35:DI35)
A/B,PHE,140,0,0,0,0,0,0,0,0,0,0,0,0,0,0,0,0,0,0,0,0,0,0,0,0,0,0,0,0,0,0,0,0,0,0,0,0,0,0,0,0,0,-0.0191,-0.025,-0.0202,0,0,0,0,0,-0.0203,-0.0192,-0.0194,-0.0196,-0.0199,-0.0216,0,0,0,0,0,0,0,0,0,0,0,-0.0351,-0.0253,0,0,0,-0.0255,0,-0.0339,0,-0.0294,0,-0.0326,0,0,-0.1176,0,0,0,0,0,-0.0075,0,0,0,-0.0004,0,0,0,0,0,0,-0.5944,0,-0.4018,-0.0057,-0.4413,-0.4418,-0.3959,-0.0327,0,0,0,0,0,=AVERAGE(D36:DI36)
A/B,LEU,141,0,0,0,0,0,0,0,0,0,0,0,0,0,0,0,0,0,0,0,0,0,0,0,0,0,0,0,0,0,0,0,0,0,0,0,0,0,0,0,0,0,-0.0002,-0.0021,-0.0042,0,0,0,0,0,0,0,0,0,0,0,0,0,0,0,0,0,0,0,0,0,0,0,0,0,0,0,-0.0097,0,0,0,-0.0573,0,0,0,-0.0295,0,0,0,0,0,0,0,0,0,0,0,0,0,0,0,0,0,0,0,0,0,0,0,0,0,0,0,0,0,0,=AVERAGE(D37:DI37)
A/B,ASN,142,-0.0701,-0.1581,0,0,0,0,-0.1403,0,0,-0.0335,-0.069,0,0,-0.1272,0,0,0,0,-0.0322,-0.1822,-0.0154,-0.0261,-0.0189,0,-0.1262,0,0,0,-0.0832,0,0,-0.0703,-0.0146,-0.0701,0,-0.0351,-0.0806,0,-0.1848,0,-0.1839,-0.0211,-0.0346,-0.0232,0,-0.028,0,-0.0893,-0.4011,-0.3175,-0.4965,-0.2764,-0.4362,-0.4188,-0.3834,-0.0245,-0.0135,-0.028,-0.0351,0,-0.0441,-0.0146,-0.1857,-0.0154,-0.0228,-0.0533,-0.0372,-0.0366,-0.0161,-0.2093,-0.1663,-0.1602,0,-0.0259,-0.0841,-0.1406,-0.5874,-0.0818,0,-0.6138,-0.0287,0,-0.0581,-0.08,0,-0.1011,-0.0229,-0.0527,-0.0126,-0.0261,-0.04,-0.0202,-0.1234,0,-0.0122,-0.058,-0.0217,-0.0267,-0.0256,-0.0275,-0.0215,-0.0206,-0.0223,-0.0272,-0.044,-0.0961,-0.0294,-0.0676,0,0,=AVERAGE(D38:DI38)
A/B,GLY,143,-0.5874,-0.5874,-0.5874,-0.5874,-0.5874,-0.5874,-0.5445,-0.5874,-0.5874,-0.5874,-0.533,-0.2203,-0.5818,-0.4856,-0.5874,-0.5874,-0.5874,-0.5874,-0.5874,-0.5874,-0.4396,-0.433,-0.5874,0,-0.4322,-0.5874,-0.5874,-0.4355,-0.5874,-0.5874,-0.5874,-0.5874,-0.5874,-0.264,-0.4773,0,-0.168,-0.5205,-0.5874,-0.4921,-0.5407,-0.0514,-0.1313,-0.3423,-0.5691,-0.639,-0.7634,-0.4196,-0.5447,-0.1484,-0.1566,-0.3009,-0.1676,-0.2758,-0.3125,-0.1527,-0.1824,-0.0507,-0.3043,-0.0245,-0.5874,-0.1394,-0.0547,0,-0.1425,-0.5225,-0.5123,-0.5874,-0.0582,-0.5874,-0.1337,0,0,-0.5874,-0.4839,0,-0.5348,-0.0374,0,0,0,-0.0562,0,-0.5874,-0.4168,-0.5874,-0.0263,-0.5104,-0.1128,-0.3392,-0.2517,-0.0205,-0.4928,0,0,-0.5521,-0.0661,-0.3862,0,-0.5248,-0.5207,-0.4223,-0.3758,-0.4796,-0.5403,-0.5823,-0.5104,-0.4626,0,0,=AVERAGE(D39:DI39)
A/B,SER,144,-0.3263,-0.2252,-0.2051,-0.5874,-0.3883,-0.1798,-0.1478,-0.1536,-0.2292,-0.047,-0.0575,-0.1361,-0.2218,-0.0915,0,-0.2259,-0.233,-0.2918,-0.4447,-0.5252,-0.1806,0,-0.2806,0,-0.0026,-0.1732,-0.1639,0,-0.2233,-0.2228,-0.1755,-0.4204,-0.2453,0,-0.1884,0,0,-0.4839,-0.2567,-0.2456,-0.1676,0,0,0,-0.1236,-0.0374,-0.1076,0,-0.1368,0,0,0,0,0,0,-0.0753,-0.0813,0,0,0,-0.3627,-0.1608,0,0,-0.0875,-0.1961,-0.0578,-0.1672,-0.0123,-0.2815,-0.4414,0,0,-0.2058,-0.3367,0,-0.1013,0,0,0,0,-0.0611,0,-0.3293,-0.0856,-0.3599,-0.1493,-0.232,0,-0.1169,0,0,-0.239,0,-0.0049,-0.2428,-0.0704,-0.1906,-0.0166,-0.0693,-0.2647,0,-0.2001,0,-0.3053,-0.296,-0.2171,-0.2033,0,0,=AVERAGE(D40:DI40)
A/B,CYS,145,-0.5177,-0.3539,-0.3417,-0.5367,-0.4414,-0.3542,-0.4131,-0.2703,-0.3133,-0.0359,-0.198,-0.3458,-0.4568,-0.3411,0,-0.3394,-0.3382,-0.3279,-0.5071,-0.5874,-0.3498,-0.1291,-0.3588,0,-0.2754,-0.3233,-0.2565,-0.1127,-0.4071,-0.3532,-0.3767,-0.5295,-0.3011,-0.2765,-0.395,0,-0.1861,-0.5847,-0.3807,-0.4404,-0.3296,0,0,0,-0.3099,-0.5725,-0.5739,-0.2042,-0.4357,0,0,0,0,0,0,-0.5208,-0.5585,-0.3831,-0.3325,-0.4776,-0.4495,-0.5634,-0.3456,-0.4583,-0.4641,-0.4001,-0.2553,-0.3554,-0.4925,-0.391,-0.5874,0,0,-0.4161,-0.4864,0,-0.394,-0.0085,0,0,0,-0.4135,0,-0.4812,-0.4592,-0.4689,-0.5874,-0.3824,-0.1284,-0.4127,-0.186,-0.2814,-0.4615,0,-0.5258,-0.4069,-0.5118,-0.5865,-0.5874,-0.2802,-0.4623,-0.3196,-0.5874,-0.2976,-0.4628,-0.4976,-0.4585,-0.5022,0,0,=AVERAGE(D41:DI41)
A/B,GLY,146,0,0,0,0,0,0,0,0,0,0,0,0,0,0,0,0,0,0,0,0,0,0,0,0,0,0,0,0,0,0,0,0,0,0,0,0,0,0,0,0,0,0,0,0,0,0,0,0,0,0,0,0,0,0,0,0,0,0,0,0,0,0,0,0,0,0,0,0,0,0,0,0,0,0,0,0,0,0,0,0,0,0,0,0,0,0,0,0,0,0,0,0,0,0,0,0,0,0,0,0,0,0,0,0,0,0,0,0,0,0,=AVERAGE(D42:DI42)
A/B,SER,147,0,0,0,0,0,0,0,0,0,0,0,0,0,0,0,0,0,0,0,0,0,0,0,0,0,0,0,0,0,0,0,0,0,0,0,0,0,0,0,0,0,0,0,0,0,0,0,0,0,0,0,0,0,0,0,0,0,0,0,0,0,0,0,0,0,0,0,0,0,0,0,0,0,0,0,0,0,0,0,0,0,0,0,0,0,0,0,0,0,0,0,0,0,0,0,0,0,0,0,0,0,0,0,0,0,0,0,0,0,0,=AVERAGE(D43:DI43)
A/B,TYR,161,0,0,0,0,0,0,0,0,0,0,0,0,0,0,0,0,0,0,0,0,0,0,0,0,0,0,0,0,0,0,0,0,0,0,0,0,0,0,0,0,0,0,0,0,0,0,0,0,0,0,0,0,0,0,0,0,0,0,0,0,0,0,0,0,0,0,0,0,0,0,0,0,0,0,0,0,0,0,0,0,0,0,0,0,0,0,0,0,0,0,0,0,0,0,0,0,0,0,0,0,0,0,0,0,0,0,0,0,0,0,=AVERAGE(D44:DI44)
A,MET,162,0,0,0,0,0,0,0,0,0,0,0,0,0,0,0,0,0,0,0,0,0,0,0,0,0,0,0,0,0,0,0,0,0,0,0,0,0,0,0,0,0,0,0,0,0,0,0,0,0,0,0,0,0,0,0,0,0,0,0,0,0,0,0,0,0,0,0,0,0,0,0,0,0,0,0,0,0,0,0,0,0,0,0,0,0,0,0,0,0,0,0,0,0,0,0,0,0,0,0,0,0,0,0,0,0,0,0,0,0,0,=AVERAGE(D45:DI45)
A/B,HIS,163,0,0,0,0,0,0,0,0,0,0,0,0,0,0,0,0,0,0,0,0,0,0,0,0,0,0,0,0,0,0,0,0,0,0,0,0,0,0,0,0,0,-0.5874,-0.5874,-0.5874,0,0,0,0,0,-0.5874,-0.5874,-0.5874,-0.5874,-0.5874,-0.5874,-0.5874,-0.5874,-0.5874,-0.5874,-0.5874,-0.5874,-0.5874,0,-0.5874,-0.5874,0,0,0,-0.5874,-0.5874,-0.5874,-0.5874,0,0,0,-0.5874,0,0,-0.2619,0,0,0,0,0,0,0,-0.5874,0,-0.5874,-0.5874,-0.5874,-0.5874,0,0,-0.5874,0,-0.5874,-0.5874,-0.5874,-0.5874,-0.5874,-0.5874,-0.5874,-0.5372,0,0,0,0,0,0,=AVERAGE(D46:DI46)
A/B,HIS,164,0,0,0,0,0,0,0,-0.0213,0,0,0,0,-0.0004,0,0,0,0,0,0,0,0,0,0,-0.0326,0,0,0,0,0,0,0,0,0,0,0,0,0,-0.0003,0,0,0,-0.0014,-0.0055,0,0,0,0,0,0,0,0,0,0,0,0,0,-0.1778,-0.003,-0.0078,0,-0.0305,-0.3036,0,-0.0248,-0.4364,0,-0.3798,-0.3776,-0.5108,-0.0236,-0.0019,0,0,-0.3547,-0.3833,0,0,-0.3356,0,0,0,0,0,0,0,-0.3909,0,-0.3612,-0.378,-0.1914,-0.006,0,0,-0.1065,0,-0.4114,-0.5461,0,-0.007,0,0,-0.0351,0,-0.3581,0,0,0,0,0,-0.0945,=AVERAGE(D47:DI47)
A/B,MET,165,0,0,-0.0115,0,0,-0.0308,0,-0.0883,0,0,0,-0.0201,-0.0293,0,0,0,0,0,0,0,0,0,0,-0.1938,0,0,-0.0259,-0.1108,0,0,-0.0319,0,0,0,0,0,0,-0.0321,0,0,0,-0.1002,-0.0999,-0.0809,-0.0216,0,0,0,0,-0.0711,-0.0903,-0.0701,-0.0701,-0.0731,-0.0784,-0.048,-0.1134,-0.0535,-0.0526,-0.0575,-0.0455,-0.0749,-0.056,-0.0197,-0.0516,-0.1236,-0.0915,-0.0657,-0.0291,-0.0874,-0.0657,0,-0.0474,-0.1595,-0.066,0,0,-0.0732,0,0,0,-0.0807,0,-0.0503,-0.101,-0.0632,-0.0668,-0.1502,-0.0637,-0.0226,-0.0809,-0.0166,-0.0707,0,-0.0518,-0.1134,-0.0135,-0.0228,-0.0676,-0.0525,-0.0699,-0.095,-0.0237,-0.0449,-0.1152,-0.0698,-0.134,-0.1396,-0.0621,-0.1225,=AVERAGE(D48:DI48)
A/B,GLU,166,0,0,0,0,0,0,0,0,0,0,0,0,0,0,0,0,0,0,0,0,0,0,0,0,0,0,0,0,0,0,0,0,0,0,0,0,0,0,0,0,0,-0.7543,-0.8635,-0.781,0,0,0,0,0,-0.6783,-0.7066,-0.63,-0.7297,-0.6445,-0.7314,-1.1286,-1.217,-0.5512,-0.7074,-0.4761,-0.434,-0.5537,-1.1977,-1.1003,-0.5033,-0.4578,-1.5736,-1.5278,-1.1889,-0.5863,-0.527,-0.1937,-1.1169,-1.1682,-1.1611,-0.1321,0,-0.8734,-0.7599,-0.0493,-0.1362,-0.3741,0,-1.1171,0,-1.2187,-0.5015,-1.0308,-1.2252,-1.2276,-0.8568,-0.6341,-1.2476,0,-0.6573,-1.3017,-0.5611,-1.077,-1.2319,-1.6192,-1.2938,-1.1659,-1.653,-1.2012,-1.5633,-1.4278,-0.5488,-0.8657,-0.2848,0,=AVERAGE(D49:DI49)
A/B,LEU,167,0,0,0,0,0,0,0,0,0,0,0,0,0,0,0,0,0,0,0,0,0,0,0,0,0,0,0,0,0,0,0,0,0,0,0,0,0,0,0,0,0,0,0,0,0,0,0,0,0,-0.0417,0,0,0,0,0,0,0,0,0,-0.0571,0,0,-0.0236,0,0,-0.2042,-0.2026,-0.1253,0,0,0,0,-0.0263,-0.281,-0.1093,0,0,0,0,0,0,0,0,-0.0827,0,-0.0661,0,-0.2737,0,-0.0055,0,0,-0.0636,0,0,-0.2277,0,0,0,-0.0049,0,-0.0055,-0.0155,0,-0.2358,-0.132,-0.2105,-0.2039,0,0,=AVERAGE(D50:DI50)
A/B,PRO,168,0,0,0,0,0,0,0,0,0,0,0,0,0,0,0,0,0,0,0,0,0,0,0,0,0,0,0,0,0,0,0,0,0,0,0,0,0,0,0,0,0,-0.0488,-0.0978,-0.03,0,0,0,0,0,-0.0315,0,0,0,0,0,-0.1124,-0.1009,0,0,-0.0644,-0.1221,0,-0.0134,-0.1332,-0.1134,-0.0077,-0.0235,-0.0238,-0.1352,-0.0357,-0.0566,0,0,-0.0068,-0.0211,0,0,0,0,0,0,0,0,-0.005,0,-0.0035,0,-0.0225,-0.1511,-0.1222,0,0,-0.05,0,0,-0.0192,-0.1202,-0.1671,-0.2097,-0.1892,-0.2256,-0.2225,-0.3617,-0.2567,-0.0629,-0.0168,-0.0024,-0.0054,0,0,=AVERAGE(D51:DI51)
A,THR,169,0,0,0,0,0,0,0,0,0,0,0,0,0,0,0,0,0,0,0,0,0,0,0,0,0,0,0,0,0,0,0,0,0,0,0,0,0,0,0,0,0,0,0,0,0,0,0,0,0,0,0,0,0,0,0,0,0,0,0,0,0,0,0,0,0,0,0,0,0,0,0,0,0,0,0,0,0,0,0,0,0,0,0,0,0,0,0,0,0,0,0,0,0,0,0,0,0,0,0,0,0,0,0,0,0,0,0,0,0,0,=AVERAGE(D52:DI52)
A/B,GLY,170,0,0,0,0,0,0,0,0,0,0,0,0,0,0,0,0,0,0,0,0,0,0,0,0,0,0,0,0,0,0,0,0,0,0,0,0,0,0,0,0,0,0,0,0,0,0,0,0,0,0,0,0,0,0,0,0,0,0,0,0,0,0,0,0,0,0,0,0,0,0,0,0,0,0,0,0,0,0,0,0,0,0,0,0,0,0,0,0,0,0,0,0,0,0,0,0,0,0,0,0,0,0,0,0,0,0,0,0,0,0,=AVERAGE(D53:DI53)
A/B,VAL,171,0,0,0,0,0,0,0,0,0,0,0,0,0,0,0,0,0,0,0,0,0,0,0,0,0,0,0,0,0,0,0,0,0,0,0,0,0,0,0,0,0,0,0,0,0,0,0,0,0,0,0,0,0,0,0,0,0,0,0,0,0,0,0,0,0,0,0,0,0,0,0,0,0,0,0,0,0,0,0,0,0,0,0,0,0,0,0,0,0,0,0,0,0,0,0,0,0,0,0,0,0,0,0,0,0,0,0,0,0,0,=AVERAGE(D54:DI54)
A/B,HIS,172,0,0,0,0,0,0,0,0,0,0,0,0,0,0,0,0,0,0,0,0,0,0,0,0,0,0,0,0,0,0,0,0,0,0,0,0,0,0,0,0,0,0,0,0,0,0,0,0,0,0,0,0,0,0,0,0,0,0,0,0,0,0,0,0,0,0,0,0,0,0,0,0,0,0,0,0,0,0,0,0,0,0,0,0,0,0,0,0,0,0,0,0,0,0,0,0,0,0,0,0,0,0,0,0,0,0,0,0,0,0,=AVERAGE(D55:DI55)
A/B,ALA,173,0,0,0,0,0,0,0,0,0,0,0,0,0,0,0,0,0,0,0,0,0,0,0,0,0,0,0,0,0,0,0,0,0,0,0,0,0,0,0,0,0,0,0,0,0,0,0,0,0,0,0,0,0,0,0,0,0,0,0,0,0,0,0,0,0,0,0,0,0,0,0,0,0,0,0,0,0,0,0,0,0,0,0,0,0,0,0,0,0,0,0,0,0,0,0,0,0,0,0,0,0,0,0,0,0,0,0,0,0,0,=AVERAGE(D56:DI56)
A,GLY,174,0,0,0,0,0,0,0,0,0,0,0,0,0,0,0,0,0,0,0,0,0,0,0,0,0,0,0,0,0,0,0,0,0,0,0,0,0,0,0,0,0,0,0,0,0,0,0,0,0,0,0,0,0,0,0,0,0,0,0,0,0,0,0,0,0,0,0,0,0,0,0,0,0,0,0,0,0,0,0,0,0,0,0,0,0,0,0,0,0,0,0,0,0,0,0,0,0,0,0,0,0,0,0,0,0,0,0,0,0,0,=AVERAGE(D57:DI57)
A,THR,175,0,0,0,0,0,0,0,0,0,0,0,0,0,0,0,0,0,0,0,0,0,0,0,0,0,0,0,0,0,0,0,0,0,0,0,0,0,0,0,0,0,0,0,0,0,0,0,0,0,0,0,0,0,0,0,0,0,0,0,0,0,0,0,0,0,0,0,0,0,0,0,0,0,0,0,0,0,0,0,0,0,0,0,0,0,0,0,0,0,0,0,0,0,0,0,0,0,0,0,0,0,0,0,0,0,0,0,0,0,0,=AVERAGE(D58:DI58)
A/B,PHE,181,0,0,0,0,0,0,0,-0.0086,0,0,0,0,0,0,0,0,0,0,0,0,0,0,0,-0.011,0,0,0,0,0,0,0,0,0,0,0,0,0,0,0,0,0,0,0,0,0,0,0,0,0,0,0,0,0,0,0,0,0,0,0,0,0,0,0,0,0,0,0,0,0,0,0,0,0,0,0,0,0,0,0,0,0,0,0,0,0,0,0,0,0,0,0,0,0,0,0,0,0,0,0,0,0,-0.0092,0,0,0,0,0,0,0,0,=AVERAGE(D59:DI59)
A,PRO,184,0,0,0,0,0,0,0,0,0,0,0,0,0,0,0,0,0,0,0,0,0,0,0,0,0,0,0,0,0,0,0,0,0,0,0,0,0,0,0,0,0,0,0,0,0,0,0,0,0,0,0,0,0,0,0,0,0,0,0,0,0,0,0,0,0,0,0,0,0,0,0,0,0,0,0,0,0,0,0,0,0,0,0,0,0,0,0,0,0,0,0,0,0,0,0,0,0,0,0,0,0,0,0,0,0,0,0,0,0,0,=AVERAGE(D60:DI60)
A,PHE,185,0,0,0,0,0,0,0,0,0,0,0,0,0,0,0,0,0,0,0,0,0,0,0,0,0,0,0,0,0,0,0,0,0,0,0,0,0,0,0,0,0,0,0,0,0,0,0,0,0,0,0,0,0,0,0,0,0,0,0,0,0,0,0,0,0,-0.0645,-0.1638,0,0,0,0,0,0,-0.0753,0,0,0,0,0,0,0,0,0,0,0,0,0,-0.0201,0,0,0,0,0,0,0,-0.1798,0,0,0,0,0,0,0,0,-0.151,0,-0.0917,-0.112,0,0,=AVERAGE(D61:DI61)
A/B,VAL,186,0,0,0,0,0,0,0,0,0,0,0,0,0,0,0,0,0,0,0,0,0,0,0,0,0,0,0,0,0,0,0,0,0,0,0,0,0,0,0,0,0,0,0,0,0,0,0,0,0,0,0,0,0,0,0,0,0,0,0,0,0,0,0,0,0,0,0,0,0,0,0,0,0,0,0,0,0,0,0,0,0,0,0,0,0,0,0,0,0,0,0,0,0,0,0,0,0,0,0,0,0,0,0,0,0,0,0,0,0,0,=AVERAGE(D62:DI62)
A/B,ASP,187,0,0,-0.0159,0,0,0,0,-0.0351,0,0,0,-0.0451,-0.0317,0,0,0,0,0,0,0,0,0,0,-0.0398,0,0,-0.0066,-0.0058,0,0,-0.0154,0,0,0,0,0,0,-0.0532,0,0,0,-0.0397,-0.0397,-0.009,-0.0189,0,0,0,0,-0.0351,-0.0351,-0.0351,-0.0351,-0.0351,-0.0351,-0.0714,-0.0785,-0.0503,-0.054,-0.0393,-0.0752,-0.0708,-0.0777,-0.0583,-0.0492,-0.0697,-0.063,-0.0619,-0.0463,-0.0755,-0.0662,0,-0.0661,-0.033,-0.0645,0,0,-0.0424,0,0,0,-0.1194,0,-0.0543,-0.0351,-0.0716,-0.0451,-0.0501,-0.0424,-0.0546,-0.0582,-0.026,-0.0482,-0.0746,-0.0477,-0.0622,-0.041,-0.0781,-0.0664,-0.0835,-0.0735,-0.1011,-0.0793,-0.0702,-0.0606,-0.0648,-0.0592,-0.0651,-0.0214,-0.0637,=AVERAGE(D63:DI63)
A/B,ARG,188,0,0,0,0,0,0,0,0,0,0,0,0,0,0,0,0,0,0,0,0,0,0,0,0,0,0,0,0,0,0,0,0,0,0,0,0,0,0,0,0,0,0,0,-0.0015,0,0,0,0,0,0,0,0,0,0,0,-0.0046,-0.0015,0,0,0,0,0,0,0,0,0,0,0,0,0,0,0,0,0,0,0,0,0,0,-0.7886,0,-0.2306,0,0,0,0,0,0,0,-0.0011,0,0,0,-0.0121,0,0,0,0,0,-0.0013,0,0,-0.0131,-0.0145,0,0,0,0,0,0,=AVERAGE(D64:DI64)
A/B,GLN,189,0,0,-0.1663,0,-0.0679,-0.1135,0,-0.1101,0,0,0,-0.2705,-0.1766,0,0,0,0,0,0,0,0,0,0,-0.1766,0,0,0,-0.1004,0,0,-0.0075,0,0,0,0,0,0,-0.0781,0,-0.0511,0,-0.2357,-0.2742,-0.1983,-0.0063,0,0,0,0,-0.1145,-0.1115,-0.0551,-0.1085,-0.0528,-0.1171,0,-0.0601,-0.0158,-0.4805,-0.5686,-0.6897,-0.8804,-0.0453,-0.506,-0.8739,-0.4174,-0.1215,-0.0604,-0.563,-0.0867,-0.1305,0,-0.0342,-0.6066,-0.0661,0,0,-0.4107,0,-0.3939,0,-0.1354,0,-0.0766,0,-0.0569,-0.147,-0.4229,-0.7319,-0.0675,-0.0224,-0.2448,-0.3909,-0.0435,-0.4391,-0.0876,-0.5728,-0.1655,-0.0355,-0.1156,-0.0669,-0.0797,-0.194,-0.1075,-0.1126,-0.0879,-0.5132,-0.4872,-0.2333,0,=AVERAGE(D65:DI65)
A/B,THR,190,0,0,0,0,0,0,0,0,0,0,0,0,0,0,0,0,0,0,0,0,0,0,0,0,0,0,0,0,0,0,0,0,0,0,0,0,0,0,0,0,0,0,0,0,0,0,0,0,0,0,0,0,0,0,0,0,0,0,0,0,0,0,0,0,0,0,0,0,0,0,0,0,0,0,0,0,0,0,0,0,0,0,0,0,0,0,0,0,0,0,0,0,0,0,0,0,0,0,0,0,0,0,0,0,0,0,0,-0.0403,0,0,=AVERAGE(D66:DI66)
A/B,ALA,191,0,0,0,0,0,0,0,0,0,0,0,0,0,0,0,0,0,0,0,0,0,0,0,0,0,0,0,0,0,0,0,0,0,0,0,0,0,0,0,0,0,0,0,0,0,0,0,0,0,0,0,0,0,0,0,0,0,0,0,-0.0197,-0.1202,0,0,-0.0926,-0.0729,0,-0.0351,0,-0.0968,0,0,0,0,0,0,0,0,0,0,0,0,0,0,0,0,0,0,0,-0.1532,-0.171,0,0,0,0,0,-0.0351,-0.0938,0,-0.0932,-0.0765,-0.1235,-0.0479,-0.09,-0.1231,-0.0274,0,0,0,0,0,=AVERAGE(D67:DI67)
A/B,GLN,192,0,0,0,0,0,0,0,0,0,0,0,0,0,0,0,0,0,0,0,0,0,0,0,0,0,0,0,0,0,0,0,0,0,0,0,0,0,0,0,0,0,0,0,0,0,0,0,0,0,-0.0545,0,0,0,0,0,0,0,0,0,-0.1179,0,0,-0.0027,0,0,-0.1455,-0.2164,-0.0985,0,0,0,0,-0.0384,-0.1819,-0.1159,0,0,0,0,0,0,0,0,-0.1084,0,-0.0998,0,-0.1747,-0.0107,-0.0241,0,0,-0.1214,0,0,-0.2147,0,0,0,-0.0045,-0.0031,-0.0083,-0.0354,-0.0049,-0.1431,-0.0954,-0.1525,-0.167,0,0,=AVERAGE(D68:DI68)
A,ALA,193,0,0,0,0,0,0,0,0,0,0,0,0,0,0,0,0,0,0,0,0,0,0,0,0,0,0,0,0,0,0,0,0,0,0,0,0,0,0,0,0,0,0,0,0,0,0,0,0,0,0,0,0,0,0,0,0,0,0,0,0,0,0,0,0,0,0,0,0,0,0,0,0,0,0,0,0,0,0,0,0,0,0,0,0,0,0,0,0,0,0,0,0,0,0,0,0,0,0,0,0,0,0,0,0,0,0,0,0,0,0,=AVERAGE(D69:DI69)
A,ALA,194,0,0,0,0,0,0,0,0,0,0,0,0,0,0,0,0,0,0,0,0,0,0,0,0,0,0,0,0,0,0,0,0,0,0,0,0,0,0,0,0,0,0,0,0,0,0,0,0,0,0,0,0,0,0,0,0,0,0,0,0,0,0,0,0,0,0,0,0,0,0,0,0,0,0,0,0,0,0,0,0,0,0,0,0,0,0,0,0,0,0,0,0,0,0,0,0,0,0,0,0,0,0,0,0,0,0,0,0,0,0,=AVERAGE(D70:DI70)

Intra-Ligand Free,,,-0.2495,-0.32,0.1222,0.4799,-0.2044,-0.1824,0.0331,0.1117,-0.1379,-0.1963,0.1719,0.1541,-0.3966,-0.2291,0.1604,-0.0168,-0.0226,0.5824,-0.3815,-0.2279,0.6025,-0.0774,-0.2282,0.0551,0.1563,-0.0478,0.0788,-0.4767,-0.2939,0.2029,-0.0418,-0.224,-0.3743,-0.0125,0,-0.0742,0.2375,0.2539,-0.3234,-0.1332,0.2003,-0.3777,0.0963,-0.624,0.0202,-0.0257,-0.022,-0.2374,-0.5455,-0.615,-0.2679,-0.2766,-0.6827,-0.1218,-0.4273,-0.9334,-1.061,-1.3102,-1.483,-0.5064,8.8308,9.8004,-1.3636,-1.062,-0.7791,-2.3139,-1.3413,-1.1208,-1.7921,0.014,0.691,0,-1.497,-1.9985,-1.5626,-0.1545,0.4694,0.3462,0.6312,1.3595,0,-0.0254,0,-1.2046,-0.0587,-1.8518,-0.7589,-2.0449,-1.4743,-2.2047,-0.9971,-0.6272,-1.7298,0,-1.2688,-2.9556,-1.8276,-0.2925,-1.8765,-1.0869,-1.6213,-1.5081,0.5666,-0.6468,-2.6135,-1.2391,-2.4574,-2.4802,0.2057,0,=AVERAGE(D72:DI72)
Inter-Ligand Free,,,2.763,2.1502,0.8351,2.3047,-0.1257,0.4332,1.9799,0.2336,2.3926,3.4799,1.2726,-1.3213,-0.0402,1.7335,1.4469,0.601,0.5396,1.0773,2.0516,2.1964,2.3717,0.9647,1.8244,0.9486,1.8711,1.4028,0.6165,-0.5607,2.088,1.2722,0.5408,2.0524,1.2414,2.5284,1.6072,6.3062,2.6188,0.3826,2.1634,1.6558,1.322,-3.2563,-5.5027,-6.0443,2.3913,4.5484,4.4792,3.0306,0.4732,-1.8318,-5.1708,-4.1474,-5.662,-4.635,-5.1697,-2.4592,-2.3441,-1.6192,-3.2519,-2.3914,-4.393,-4.3976,-2.0564,-3.9203,-4.598,-5.318,-7.8549,-3.386,-3.9781,-4.1951,-2.1292,1.0783,1.2141,-4.5934,-3.909,2.4378,6.4565,-1.3027,-6.2034,38.8987,5.5816,1.0543,-2.365,-2.3492,4.0197,-2.6286,-0.3206,-4.8607,-6.1667,-6.4489,-0.5965,-2.2931,-3.6191,4.0098,-1.7001,-6.52,-5.188,-3.7279,-2.7065,-4.8786,-4.5194,-2.0028,1.8229,-4.7191,-4.9887,-3.8624,-4.5898,-5.2668,-3.8437,3.1932,=AVERAGE(D73:DI73)
Total Free Energy,,,2.5135,1.8302,0.9573,2.7847,-0.3301,0.2508,2.013,0.3453,2.2547,3.2837,1.4445,-1.1672,-0.4368,1.5044,1.6073,0.5842,0.517,1.6598,1.6701,1.9685,2.9742,0.8873,1.5963,1.0037,2.0275,1.355,0.6953,-1.0375,1.794,1.475,0.499,1.8284,0.8671,2.5159,1.6072,6.232,2.8564,0.6365,1.84,1.5226,1.5223,-3.634,-5.4064,-6.6682,2.4115,4.5227,4.4572,2.7932,-0.0723,-2.4468,-5.4387,-4.424,-6.3447,-4.7568,-5.5969,-3.3926,-3.4052,-2.9294,-4.7348,-2.8978,4.4379,5.4028,-3.42,-4.9823,-5.3771,-7.6319,-9.1962,-4.5068,-5.7701,-4.1812,-1.4382,1.0783,-0.283,-6.592,-5.4716,2.2833,6.9259,-0.9565,-5.5721,40.2583,5.5816,1.0289,-2.365,-3.5539,3.961,-4.4804,-1.0794,-6.9056,-7.641,-8.6536,-1.5936,-2.9202,-5.3489,4.0098,-2.9689,-9.4755,-7.0156,-4.0204,-4.5829,-5.9656,-6.1408,-3.5108,2.3895,-5.3659,-7.6022,-5.1014,-7.0472,-7.747,-3.638,3.1932,=AVERAGE(D74:DI74)
Normalized Total Free Energy,,,2.4738,1.9251,0.7477,2.1774,-0.1188,0.4092,1.7727,0.2091,2.1421,3.1157,1.1394,-1.183,-0.036,1.552,1.2954,0.5381,0.4831,0.9646,1.8369,1.9665,2.1234,0.8637,1.7237,0.8493,1.6753,1.256,0.5519,-0.5298,1.8694,1.2019,0.4842,1.8376,1.1114,2.3887,1.6072,4.8799,2.4742,0.3426,1.937,1.5644,1.1837,-2.2187,-3.7493,-3.9605,2.141,4.2972,4.2318,2.5784,0.4237,-1.1149,-3.2631,-2.7176,-4.0178,-3.4314,-3.6685,-1.6756,-1.5972,-1.0218,-2.0522,-1.5092,-2.8785,-3.1206,-1.2086,-2.474,-2.9017,-2.9245,-4.0586,-2.0608,-2.5105,-2.3836,-1.2098,1.0783,0.7389,-2.526,-2.3791,2.3032,6.0999,-0.7928,-4.5925,27.603,5.5816,0.996,-2.365,-1.4298,3.1105,-1.5998,-0.2023,-2.673,-3.0048,-3.4359,-0.3765,-1.4471,-2.2026,4.0098,-1.0729,-3.3689,-3.274,-2.2689,-1.5906,-2.772,-2.5679,-1.1014,0.9712,-2.5143,-2.5777,-2.3507,-2.524,-2.8963,-3.6314,3.1932,=AVERAGE(D75:DI75)
